ID,Label,Age,fnlwgt,Education-num,Capital-gain,Capital-loss,Hours-per-week
CLI0001,<=50K,31,142470,13,0,0,40
CLI0002,<=50K,31,323069,9,0,0,20
CLI0003,<=50K,25,122489,13,0,1726,60
CLI0004,<=50K,70,346053,9,0,0,40
CLI0005,>50K,39,176296,9,0,1887,40
CLI0006,<=50K,20,168863,10,0,0,20
CLI0007,<=50K,25,385646,9,0,0,40
CLI0008,<=50K,22,171176,9,0,0,48
CLI0009,<=50K,24,86745,13,0,0,40
CLI0010,<=50K,61,85194,10,0,0,25
CLI0011,>50K,44,136986,14,15024,0,35
CLI0012,<=50K,51,195638,10,0,0,40
CLI0013,>50K,43,270721,13,0,0,55
CLI0014,<=50K,58,113398,9,0,0,25
CLI0015,<=50K,17,169155,8,0,0,35
CLI0016,<=50K,57,130714,2,0,0,22
CLI0017,<=50K,21,296158,9,0,0,35
CLI0018,>50K,41,237321,2,0,0,40
CLI0019,<=50K,46,118419,9,0,0,38
CLI0020,<=50K,55,190514,4,0,0,75
CLI0021,<=50K,19,63434,10,0,0,35
CLI0022,>50K,50,92079,10,0,0,45
CLI0023,<=50K,40,274158,9,0,0,40
CLI0024,>50K,38,31033,13,7298,0,40
CLI0025,<=50K,46,130779,10,0,0,40
CLI0026,>50K,42,39060,9,0,0,60
CLI0027,<=50K,37,359131,9,0,0,48
CLI0028,<=50K,21,304302,9,0,0,40
CLI0029,<=50K,55,101338,6,0,0,40
CLI0030,<=50K,27,189777,9,0,0,40
CLI0031,<=50K,28,107411,13,0,0,35
CLI0032,<=50K,36,143068,10,0,0,40
CLI0033,<=50K,36,169037,9,0,0,40
CLI0034,>50K,34,204375,15,0,0,60
CLI0035,<=50K,30,103596,9,0,0,99
CLI0036,>50K,37,98389,9,0,0,50
CLI0037,>50K,45,102771,13,0,0,40
CLI0038,<=50K,22,43535,10,0,0,40
CLI0039,<=50K,40,120277,10,0,0,40
CLI0040,<=50K,25,292058,9,0,0,30
CLI0041,>50K,43,161240,9,0,0,45
CLI0042,<=50K,18,192583,10,0,0,30
CLI0043,<=50K,22,236907,10,0,0,20
CLI0044,>50K,44,344060,15,0,0,40
CLI0045,<=50K,33,33727,14,0,0,40
CLI0046,<=50K,19,263932,9,0,0,20
CLI0047,<=50K,41,173682,14,0,0,40
CLI0048,>50K,58,349910,9,7688,0,40
CLI0049,<=50K,18,71792,9,0,0,40
CLI0050,<=50K,22,227626,9,0,0,40
CLI0051,<=50K,55,89182,8,0,0,40
CLI0052,<=50K,42,55764,12,0,0,40
CLI0053,<=50K,26,147982,7,0,0,40
CLI0054,<=50K,26,236242,15,0,0,30
CLI0055,<=50K,18,347336,8,0,0,12
CLI0056,<=50K,19,242001,10,0,0,40
CLI0057,<=50K,41,190885,9,0,0,40
CLI0058,<=50K,49,99179,13,0,0,40
CLI0059,>50K,48,36503,10,0,0,40
CLI0060,<=50K,43,96129,7,0,0,60
CLI0061,<=50K,49,151107,9,0,0,40
CLI0062,<=50K,29,142519,9,0,0,40
CLI0063,<=50K,41,107327,11,0,0,40
CLI0064,<=50K,20,333505,9,0,0,30
CLI0065,<=50K,34,113543,14,0,0,40
CLI0066,<=50K,24,122234,10,0,0,20
CLI0067,<=50K,27,203776,9,0,0,50
CLI0068,<=50K,38,241765,7,0,0,60
CLI0069,>50K,53,123429,10,0,0,60
CLI0070,<=50K,30,164190,9,0,0,38
CLI0071,>50K,48,125892,13,0,0,40
CLI0072,<=50K,22,410439,9,0,0,55
CLI0073,>50K,42,203393,13,0,0,35
CLI0074,>50K,33,118941,13,0,0,32
CLI0075,<=50K,40,143327,10,0,0,40
CLI0076,<=50K,19,164585,9,0,0,40
CLI0077,<=50K,48,330470,10,0,0,30
CLI0078,<=50K,52,173987,6,0,0,40
CLI0079,<=50K,43,255635,3,0,0,40
CLI0080,<=50K,58,183870,6,0,0,40
CLI0081,<=50K,35,199288,7,0,0,90
CLI0082,<=50K,20,133515,10,0,0,15
CLI0083,>50K,46,230979,13,4787,0,25
CLI0084,<=50K,20,189203,12,0,0,20
CLI0085,<=50K,43,193494,6,0,0,40
CLI0086,<=50K,23,96748,10,0,0,10
CLI0087,<=50K,20,266467,9,0,0,25
CLI0088,<=50K,57,70720,9,0,0,78
CLI0089,<=50K,30,89735,9,0,1504,40
CLI0090,<=50K,25,222539,6,2597,0,50
CLI0091,<=50K,19,225775,10,0,0,45
CLI0092,>50K,57,403625,10,0,0,60
CLI0093,>50K,53,174102,4,4386,0,50
CLI0094,<=50K,19,63918,10,0,0,40
CLI0095,<=50K,28,70100,13,0,0,20
CLI0096,<=50K,24,449432,8,0,0,40
CLI0097,<=50K,27,113054,9,0,0,43
CLI0098,<=50K,25,410240,9,0,0,40
CLI0099,<=50K,21,451996,9,0,0,40
CLI0100,<=50K,19,307496,10,0,0,23
CLI0101,<=50K,34,226883,9,0,0,40
CLI0102,<=50K,33,167309,13,0,0,40
CLI0103,<=50K,27,47907,13,0,0,40
CLI0104,>50K,50,22211,14,7688,0,50
CLI0105,<=50K,30,267161,10,0,0,45
CLI0106,>50K,40,346532,10,0,0,40
CLI0107,<=50K,18,272918,9,0,0,15
CLI0108,<=50K,55,123515,9,0,0,40
CLI0109,<=50K,39,235379,12,0,0,40
CLI0110,<=50K,27,216013,9,0,0,40
CLI0111,<=50K,25,191271,9,0,0,40
CLI0112,<=50K,20,238685,7,0,0,40
CLI0113,>50K,30,151773,10,0,0,40
CLI0114,<=50K,29,157941,13,0,0,40
CLI0115,>50K,48,181307,9,0,0,60
CLI0116,<=50K,53,101432,9,0,0,50
CLI0117,<=50K,37,176293,10,0,0,30
CLI0118,<=50K,35,129597,10,0,0,46
CLI0119,<=50K,19,217039,10,0,0,28
CLI0120,>50K,48,355890,13,0,0,55
CLI0121,<=50K,42,206066,14,0,0,65
CLI0122,<=50K,53,150980,10,3137,0,40
CLI0123,<=50K,34,303867,5,0,0,40
CLI0124,<=50K,22,214731,6,0,0,40
CLI0125,<=50K,27,204497,6,0,0,75
CLI0126,>50K,23,258298,13,0,2231,40
CLI0127,>50K,62,200577,14,0,0,45
CLI0128,<=50K,33,267859,9,0,0,40
CLI0129,<=50K,51,196504,9,0,0,38
CLI0130,<=50K,32,209103,10,3464,0,40
CLI0131,<=50K,32,242150,9,0,0,38
CLI0132,<=50K,21,152540,9,0,0,35
CLI0133,<=50K,34,250724,13,0,0,45
CLI0134,<=50K,64,211360,9,0,0,30
CLI0135,<=50K,38,166585,9,0,0,40
CLI0136,<=50K,45,132563,15,0,1726,40
CLI0137,>50K,43,295510,9,0,0,45
CLI0138,<=50K,70,176493,10,0,0,17
CLI0139,<=50K,53,208321,9,0,1740,40
CLI0140,>50K,49,175958,10,0,0,80
CLI0141,<=50K,36,331902,10,0,0,35
CLI0142,<=50K,21,202373,11,0,0,40
CLI0143,<=50K,43,272165,5,0,0,40
CLI0144,>50K,29,267989,13,0,0,50
CLI0145,<=50K,30,113364,13,0,0,18
CLI0146,<=50K,17,179319,6,0,0,30
CLI0147,<=50K,27,188171,6,0,0,60
CLI0148,<=50K,43,87284,10,0,0,40
CLI0149,<=50K,19,286435,10,594,0,40
CLI0150,<=50K,20,401690,9,0,0,30
CLI0151,<=50K,41,48087,4,0,1590,40
CLI0152,>50K,36,353263,13,0,0,45
CLI0153,<=50K,29,179498,9,0,0,40
CLI0154,<=50K,21,85088,10,0,0,37
CLI0155,>50K,44,207578,13,0,0,35
CLI0156,<=50K,25,251854,10,0,0,40
CLI0157,<=50K,33,258498,10,0,0,60
CLI0158,<=50K,42,79036,9,0,0,40
CLI0159,<=50K,37,241805,10,0,0,30
CLI0160,<=50K,40,520586,10,0,0,39
CLI0161,<=50K,27,85625,10,0,0,20
CLI0162,>50K,56,367984,11,15024,0,40
CLI0163,<=50K,21,24008,10,0,0,35
CLI0164,<=50K,54,77336,9,0,0,40
CLI0165,<=50K,55,130957,9,0,0,45
CLI0166,<=50K,65,107620,7,0,0,8
CLI0167,<=50K,49,62793,9,0,0,40
CLI0168,>50K,32,317378,13,10520,0,40
CLI0169,<=50K,32,420895,13,0,0,47
CLI0170,<=50K,34,242984,9,0,0,48
CLI0171,<=50K,45,187730,13,0,0,40
CLI0172,<=50K,33,213226,9,0,0,50
CLI0173,>50K,30,76107,9,0,0,45
CLI0174,<=50K,51,179010,10,0,0,60
CLI0175,<=50K,28,173800,13,0,0,10
CLI0176,<=50K,66,213477,4,0,0,10
CLI0177,<=50K,17,244523,6,0,0,20
CLI0178,<=50K,34,204052,9,0,0,40
CLI0179,>50K,47,192894,9,0,0,50
CLI0180,>50K,50,199995,13,0,0,40
CLI0181,<=50K,36,175643,9,0,0,35
CLI0182,>50K,60,163665,10,0,0,16
CLI0183,<=50K,22,203182,13,0,0,30
CLI0184,<=50K,40,105936,9,5013,0,20
CLI0185,<=50K,25,104746,10,0,0,16
CLI0186,<=50K,40,99373,6,0,0,40
CLI0187,>50K,42,139012,16,0,0,40
CLI0188,>50K,52,229983,15,3103,0,30
CLI0189,>50K,38,237608,13,0,2444,45
CLI0190,>50K,46,180010,13,0,0,40
CLI0191,>50K,29,240738,9,0,0,40
CLI0192,<=50K,38,146178,9,0,0,40
CLI0193,<=50K,32,191777,14,0,0,40
CLI0194,<=50K,23,141323,10,0,0,40
CLI0195,<=50K,35,185848,9,4650,0,50
CLI0196,<=50K,20,210781,10,0,0,35
CLI0197,>50K,59,67841,9,0,0,40
CLI0198,<=50K,30,212237,13,0,1740,45
CLI0199,>50K,29,185908,13,0,0,55
CLI0200,<=50K,18,256967,6,0,0,40
CLI0201,<=50K,31,124827,9,0,0,40
CLI0202,<=50K,46,125487,11,0,0,40
CLI0203,<=50K,33,120201,9,0,0,65
CLI0204,<=50K,33,87310,5,0,0,50
CLI0205,<=50K,19,235909,10,0,0,20
CLI0206,<=50K,19,219300,10,0,0,25
CLI0207,>50K,44,174373,12,0,0,40
CLI0208,<=50K,66,192504,14,0,0,40
CLI0209,<=50K,33,202822,4,0,0,14
CLI0210,<=50K,20,131230,9,0,1590,40
CLI0211,<=50K,51,123325,15,0,0,40
CLI0212,<=50K,37,257588,9,0,0,40
CLI0213,>50K,60,138502,13,7298,0,48
CLI0214,<=50K,28,226198,9,0,0,40
CLI0215,<=50K,44,79864,14,0,0,20
CLI0216,<=50K,21,512828,9,0,0,40
CLI0217,>50K,47,137917,10,0,0,40
CLI0218,>50K,34,195136,13,0,1887,40
CLI0219,<=50K,22,138768,10,0,0,50
CLI0220,<=50K,66,185369,6,0,0,30
CLI0221,<=50K,28,66777,11,3137,0,40
CLI0222,<=50K,42,68729,10,0,0,40
CLI0223,<=50K,63,146196,13,0,0,40
CLI0224,<=50K,19,199609,10,0,0,40
CLI0225,>50K,38,296478,11,7298,0,40
CLI0226,<=50K,34,96480,10,0,0,40
CLI0227,<=50K,30,130078,13,0,0,45
CLI0228,<=50K,52,163678,9,0,0,55
CLI0229,<=50K,24,234640,9,0,0,36
CLI0230,<=50K,58,49884,9,0,0,50
CLI0231,<=50K,55,189933,4,0,0,50
CLI0232,<=50K,38,296317,9,0,0,40
CLI0233,<=50K,41,220460,12,0,0,20
CLI0234,<=50K,46,62546,16,0,0,35
CLI0235,>50K,29,116207,9,0,0,65
CLI0236,<=50K,38,119992,10,0,0,40
CLI0237,>50K,27,153546,11,0,0,36
CLI0238,<=50K,34,220362,13,0,0,40
CLI0239,<=50K,17,36877,6,0,0,10
CLI0240,>50K,43,401623,10,0,0,40
CLI0241,<=50K,24,304602,9,0,0,40
CLI0242,<=50K,25,111243,9,0,0,50
CLI0243,<=50K,43,113211,9,0,0,40
CLI0244,<=50K,18,120243,7,0,0,10
CLI0245,>50K,39,122011,14,5178,0,38
CLI0246,<=50K,33,100228,10,0,0,40
CLI0247,<=50K,23,347292,9,0,0,40
CLI0248,<=50K,58,140729,13,0,0,35
CLI0249,<=50K,30,36069,12,0,0,40
CLI0250,<=50K,28,472580,10,0,0,40
CLI0251,<=50K,35,61343,9,0,0,90
CLI0252,<=50K,32,81528,9,0,0,60
CLI0253,>50K,38,31848,11,0,0,40
CLI0254,<=50K,29,202182,10,0,0,50
CLI0255,<=50K,18,297396,9,0,0,10
CLI0256,<=50K,20,366929,10,0,0,35
CLI0257,<=50K,33,223212,9,0,0,40
CLI0258,>50K,36,85272,12,0,0,30
CLI0259,<=50K,30,155343,9,5013,0,40
CLI0260,>50K,46,131091,13,0,1902,40
CLI0261,<=50K,38,358682,10,0,0,40
CLI0262,<=50K,63,257876,15,0,0,40
CLI0263,<=50K,18,25837,7,0,0,15
CLI0264,<=50K,31,196125,7,0,0,40
CLI0265,<=50K,21,86625,10,0,0,40
CLI0266,<=50K,42,208726,10,0,0,45
CLI0267,<=50K,18,74539,6,0,0,20
CLI0268,<=50K,58,356067,13,0,0,40
CLI0269,<=50K,45,278151,9,0,0,40
CLI0270,<=50K,51,141388,9,0,0,55
CLI0271,<=50K,33,165235,13,0,0,35
CLI0272,<=50K,34,80249,10,0,0,72
CLI0273,<=50K,40,167919,9,0,0,40
CLI0274,<=50K,46,353012,9,0,0,40
CLI0275,<=50K,27,278617,10,0,0,40
CLI0276,<=50K,35,290226,9,0,0,45
CLI0277,<=50K,65,274916,9,0,0,40
CLI0278,>50K,27,190525,9,0,0,50
CLI0279,<=50K,30,382368,9,0,0,40
CLI0280,>50K,28,119287,13,15024,0,28
CLI0281,<=50K,51,357949,13,0,0,16
CLI0282,<=50K,37,378916,9,0,0,40
CLI0283,<=50K,34,33442,11,0,0,40
CLI0284,<=50K,39,277886,13,0,0,30
CLI0285,<=50K,42,42703,9,0,0,40
CLI0286,<=50K,49,213431,9,0,0,40
CLI0287,>50K,44,145160,16,0,0,40
CLI0288,<=50K,21,293968,10,0,0,20
CLI0289,<=50K,34,268127,8,0,0,40
CLI0290,<=50K,62,73292,10,0,0,40
CLI0291,<=50K,22,313873,7,0,0,30
CLI0292,<=50K,33,50276,13,0,0,40
CLI0293,<=50K,60,243829,14,0,0,50
CLI0294,<=50K,56,110257,9,0,0,40
CLI0295,>50K,41,144002,13,0,0,60
CLI0296,>50K,49,186172,9,7688,0,45
CLI0297,<=50K,50,73493,10,0,0,40
CLI0298,<=50K,41,107306,9,2174,0,40
CLI0299,<=50K,39,245361,13,0,0,25
CLI0300,<=50K,43,330174,9,0,0,40
CLI0301,<=50K,40,204046,6,0,0,40
CLI0302,<=50K,23,315065,10,0,0,35
CLI0303,<=50K,54,183248,9,0,0,40
CLI0304,>50K,44,116632,14,0,0,50
CLI0305,>50K,34,163110,13,0,0,45
CLI0306,<=50K,66,142723,3,0,0,40
CLI0307,<=50K,67,159542,3,0,0,40
CLI0308,<=50K,17,152696,8,0,0,30
CLI0309,<=50K,21,38772,10,0,0,20
CLI0310,>50K,37,168475,9,0,0,40
CLI0311,<=50K,45,34446,9,0,0,50
CLI0312,<=50K,33,160784,6,0,0,40
CLI0313,<=50K,39,239409,9,0,0,50
CLI0314,<=50K,21,123983,10,0,0,10
CLI0315,<=50K,35,124836,10,0,0,36
CLI0316,<=50K,62,115023,10,0,0,40
CLI0317,>50K,39,103456,13,0,0,45
CLI0318,>50K,44,138991,10,0,0,50
CLI0319,<=50K,31,41493,13,0,0,45
CLI0320,<=50K,37,87369,5,0,0,40
CLI0321,<=50K,52,312500,11,0,0,40
CLI0322,<=50K,38,107513,9,0,0,40
CLI0323,<=50K,50,287598,10,0,0,70
CLI0324,<=50K,18,338836,9,0,0,20
CLI0325,>50K,52,210736,10,3103,0,55
CLI0326,>50K,42,153414,13,0,0,40
CLI0327,>50K,48,383384,9,0,0,40
CLI0328,<=50K,38,335104,13,0,0,35
CLI0329,>50K,53,114758,14,15024,0,65
CLI0330,>50K,46,189498,13,0,1848,45
CLI0331,<=50K,20,228649,9,0,0,40
CLI0332,<=50K,29,229300,13,0,0,48
CLI0333,<=50K,28,172891,9,0,0,50
CLI0334,<=50K,25,186370,9,0,0,40
CLI0335,<=50K,31,382368,7,0,0,40
CLI0336,<=50K,50,242517,13,0,0,40
CLI0337,<=50K,48,185041,4,0,1672,55
CLI0338,>50K,31,181091,9,0,0,50
CLI0339,<=50K,66,234743,10,0,0,24
CLI0340,<=50K,19,228238,9,0,0,40
CLI0341,>50K,35,209214,9,4386,0,35
CLI0342,<=50K,20,163665,9,0,0,20
CLI0343,<=50K,23,128604,9,0,0,48
CLI0344,<=50K,36,173804,7,0,0,40
CLI0345,>50K,34,737315,13,0,0,40
CLI0346,>50K,57,112840,14,0,0,55
CLI0347,>50K,45,207540,16,0,0,40
CLI0348,>50K,36,225516,12,10520,0,43
CLI0349,>50K,53,104879,9,0,0,40
CLI0350,<=50K,58,54947,10,0,0,55
CLI0351,<=50K,17,194612,7,0,0,25
CLI0352,>50K,38,66686,11,0,0,40
CLI0353,<=50K,54,102828,9,0,0,49
CLI0354,>50K,51,111939,13,0,0,50
CLI0355,<=50K,32,188557,9,0,0,40
CLI0356,>50K,41,27305,9,7688,0,40
CLI0357,<=50K,33,199046,13,0,0,40
CLI0358,<=50K,29,229656,9,0,0,50
CLI0359,>50K,39,128715,9,10520,0,40
CLI0360,>50K,54,108435,13,0,0,50
CLI0361,<=50K,39,194287,4,0,1602,35
CLI0362,<=50K,30,181091,13,0,0,40
CLI0363,>50K,52,138611,9,7688,0,55
CLI0364,<=50K,28,155621,10,0,0,50
CLI0365,>50K,40,226585,10,0,0,35
CLI0366,<=50K,22,137510,10,0,0,40
CLI0367,<=50K,21,25631,10,0,0,40
CLI0368,<=50K,62,209844,10,0,0,30
CLI0369,>50K,65,193216,9,9386,0,40
CLI0370,<=50K,33,202153,14,0,0,40
CLI0371,<=50K,33,202366,9,0,0,32
CLI0372,<=50K,21,88926,10,0,0,10
CLI0373,>50K,64,98586,16,0,0,60
CLI0374,>50K,36,187847,13,7688,0,40
CLI0375,>50K,42,201732,10,0,0,40
CLI0376,<=50K,49,200471,9,0,0,40
CLI0377,<=50K,36,124818,9,0,0,40
CLI0378,<=50K,49,123584,7,0,0,75
CLI0379,<=50K,45,164210,10,0,0,40
CLI0380,<=50K,35,80771,14,0,0,40
CLI0381,<=50K,38,264627,10,0,0,40
CLI0382,<=50K,40,153489,9,3137,0,40
CLI0383,<=50K,57,199572,7,0,0,40
CLI0384,<=50K,30,48458,10,0,0,40
CLI0385,<=50K,58,140363,9,3325,0,30
CLI0386,>50K,31,334346,13,0,0,40
CLI0387,<=50K,72,82635,7,0,0,40
CLI0388,>50K,74,173929,16,0,0,25
CLI0389,<=50K,43,64112,10,0,0,50
CLI0390,>50K,36,226947,13,0,0,40
CLI0391,<=50K,32,77634,7,0,0,45
CLI0392,<=50K,28,377869,10,4064,0,25
CLI0393,<=50K,29,109621,9,0,0,40
CLI0394,<=50K,34,133122,13,0,0,40
CLI0395,<=50K,44,171256,12,0,0,45
CLI0396,<=50K,46,113390,14,0,1740,60
CLI0397,<=50K,27,122038,9,0,0,48
CLI0398,>50K,55,314592,9,0,0,40
CLI0399,>50K,43,34007,9,0,0,40
CLI0400,<=50K,30,229772,6,0,0,40
CLI0401,>50K,52,163998,9,99999,0,45
CLI0402,<=50K,48,233802,14,0,0,45
CLI0403,<=50K,42,191765,9,0,0,35
CLI0404,<=50K,54,196975,9,0,0,45
CLI0405,<=50K,35,246829,9,0,0,40
CLI0406,<=50K,46,58126,9,0,0,40
CLI0407,<=50K,20,86143,10,0,0,30
CLI0408,>50K,41,318046,10,0,0,48
CLI0409,<=50K,41,187322,13,0,0,40
CLI0410,<=50K,17,250541,7,0,0,8
CLI0411,<=50K,30,177304,10,0,0,44
CLI0412,<=50K,22,27937,10,0,0,36
CLI0413,<=50K,41,187802,10,0,0,50
CLI0414,<=50K,22,356567,11,0,0,60
CLI0415,>50K,51,145714,14,99999,0,50
CLI0416,>50K,45,160647,13,4687,0,35
CLI0417,<=50K,26,207537,9,0,0,40
CLI0418,<=50K,40,224799,13,0,0,45
CLI0419,<=50K,33,154874,10,0,0,40
CLI0420,<=50K,20,289116,10,0,0,5
CLI0421,<=50K,38,175732,9,0,0,15
CLI0422,<=50K,31,118399,7,0,0,40
CLI0423,<=50K,34,111746,9,0,0,45
CLI0424,<=50K,31,263000,11,0,0,38
CLI0425,>50K,52,111700,10,0,0,20
CLI0426,<=50K,25,129200,10,0,0,40
CLI0427,<=50K,19,339123,10,0,0,40
CLI0428,<=50K,66,182378,4,0,0,30
CLI0429,<=50K,58,95835,10,0,0,36
CLI0430,<=50K,58,127264,6,0,0,50
CLI0431,<=50K,50,128478,9,0,0,70
CLI0432,>50K,36,183892,10,7298,0,44
CLI0433,>50K,39,191227,13,13550,0,50
CLI0434,<=50K,29,267989,9,0,0,45
CLI0435,>50K,75,309955,15,0,2174,50
CLI0436,>50K,62,98076,13,0,0,40
CLI0437,<=50K,45,102076,10,0,0,32
CLI0438,<=50K,63,206052,9,0,0,40
CLI0439,<=50K,21,75763,10,0,0,40
CLI0440,<=50K,49,83444,9,0,0,40
CLI0441,>50K,44,171484,6,0,0,40
CLI0442,<=50K,22,36011,11,0,0,30
CLI0443,>50K,35,150057,10,0,0,40
CLI0444,<=50K,19,57329,10,0,0,30
CLI0445,>50K,30,230224,13,0,0,55
CLI0446,>50K,49,189498,9,0,0,50
CLI0447,<=50K,51,241346,9,0,0,43
CLI0448,<=50K,44,144125,13,0,0,40
CLI0449,>50K,53,156843,14,0,1564,54
CLI0450,>50K,39,243409,9,0,0,60
CLI0451,<=50K,41,421837,9,0,0,40
CLI0452,<=50K,40,270324,11,0,0,30
CLI0453,<=50K,18,168740,7,0,0,30
CLI0454,<=50K,25,164488,10,0,0,40
CLI0455,<=50K,56,356067,14,0,0,16
CLI0456,<=50K,30,175931,9,0,0,40
CLI0457,<=50K,20,107801,12,0,2205,18
CLI0458,<=50K,33,147700,9,0,0,40
CLI0459,<=50K,46,266337,11,0,0,40
CLI0460,<=50K,45,106910,9,0,0,40
CLI0461,<=50K,18,376647,9,2176,0,25
CLI0462,>50K,49,142287,10,0,1902,50
CLI0463,<=50K,22,264738,9,0,0,42
CLI0464,<=50K,17,204018,7,0,0,15
CLI0465,<=50K,26,250066,11,0,0,40
CLI0466,>50K,29,144592,15,0,0,50
CLI0467,<=50K,18,375515,7,0,0,20
CLI0468,>50K,52,279129,10,0,0,37
CLI0469,>50K,32,156464,9,0,1902,50
CLI0470,<=50K,21,29810,9,0,0,50
CLI0471,>50K,41,47902,13,0,0,45
CLI0472,>50K,50,196232,9,7688,0,50
CLI0473,>50K,45,213646,13,7298,0,40
CLI0474,>50K,50,205803,14,15024,0,40
CLI0475,<=50K,45,328051,14,0,0,60
CLI0476,<=50K,20,107242,9,0,0,40
CLI0477,<=50K,29,162312,10,0,0,45
CLI0478,<=50K,28,219267,9,0,0,28
CLI0479,>50K,27,153805,10,0,0,50
CLI0480,<=50K,44,174051,10,0,0,35
CLI0481,<=50K,31,59969,9,0,0,35
CLI0482,<=50K,45,340341,10,0,0,40
CLI0483,<=50K,29,154017,9,0,0,10
CLI0484,>50K,53,195813,3,5178,0,40
CLI0485,<=50K,67,197865,10,0,0,40
CLI0486,<=50K,47,166634,10,0,0,40
CLI0487,<=50K,34,90415,11,0,0,40
CLI0488,<=50K,46,124733,10,0,0,40
CLI0489,<=50K,36,75826,13,0,0,40
CLI0490,<=50K,29,138537,11,0,0,40
CLI0491,>50K,40,145160,16,0,0,40
CLI0492,<=50K,58,151910,9,0,0,40
CLI0493,>50K,36,125933,15,0,0,55
CLI0494,>50K,26,202033,13,0,0,40
CLI0495,>50K,39,255503,13,0,0,40
CLI0496,<=50K,23,169188,10,0,0,25
CLI0497,<=50K,35,193106,9,0,0,32
CLI0498,<=50K,69,286983,10,0,0,40
CLI0499,<=50K,53,549341,13,0,0,35
CLI0500,<=50K,23,256278,4,0,0,30
CLI0501,<=50K,44,228124,9,0,0,40
CLI0502,<=50K,26,174921,13,0,0,40
CLI0503,<=50K,55,182273,10,0,0,40
CLI0504,<=50K,38,191479,10,0,0,40
CLI0505,<=50K,51,94174,10,0,0,35
CLI0506,<=50K,23,260019,4,0,0,36
CLI0507,<=50K,24,204653,10,0,0,40
CLI0508,<=50K,19,302945,10,0,0,10
CLI0509,<=50K,17,406920,6,0,0,40
CLI0510,<=50K,35,140854,9,0,0,40
CLI0511,>50K,53,149650,9,0,2559,48
CLI0512,<=50K,24,220323,10,0,0,40
CLI0513,<=50K,20,194247,9,0,0,25
CLI0514,<=50K,32,190228,9,0,0,60
CLI0515,>50K,41,106982,10,0,0,40
CLI0516,>50K,53,152810,14,0,1977,55
CLI0517,<=50K,59,328525,9,2414,0,15
CLI0518,>50K,45,556652,9,0,0,40
CLI0519,>50K,48,97863,13,0,0,45
CLI0520,<=50K,24,116968,13,0,0,45
CLI0521,<=50K,28,30771,10,0,0,40
CLI0522,>50K,41,156566,13,4386,0,50
CLI0523,<=50K,55,171328,10,0,0,35
CLI0524,<=50K,29,262478,9,0,0,30
CLI0525,<=50K,23,210797,10,0,0,40
CLI0526,<=50K,29,225024,9,0,0,40
CLI0527,<=50K,52,187356,6,0,0,41
CLI0528,<=50K,47,101299,9,0,0,40
CLI0529,<=50K,38,275338,13,1151,0,40
CLI0530,<=50K,56,182273,9,0,0,40
CLI0531,<=50K,33,176711,9,0,0,40
CLI0532,<=50K,20,316702,10,0,0,20
CLI0533,<=50K,66,99888,11,0,0,40
CLI0534,<=50K,28,37250,13,0,0,16
CLI0535,>50K,45,108100,13,99999,0,25
CLI0536,<=50K,44,222434,9,0,0,40
CLI0537,>50K,40,255675,10,0,0,40
CLI0538,<=50K,23,82497,10,0,0,28
CLI0539,>50K,31,339482,9,0,1848,40
CLI0540,<=50K,20,168187,10,4416,0,25
CLI0541,>50K,45,31339,13,0,0,45
CLI0542,<=50K,27,204098,6,0,0,30
CLI0543,<=50K,42,93099,10,0,0,25
CLI0544,<=50K,38,380543,9,0,0,30
CLI0545,<=50K,18,109702,10,0,0,30
CLI0546,>50K,43,187728,10,0,1887,50
CLI0547,<=50K,21,205759,9,0,0,40
CLI0548,<=50K,25,374163,8,0,0,60
CLI0549,<=50K,21,184135,9,0,0,1
CLI0550,<=50K,54,182388,9,0,0,35
CLI0551,<=50K,29,149211,13,0,0,40
CLI0552,<=50K,28,389857,9,0,0,16
CLI0553,<=50K,21,165475,9,0,0,40
CLI0554,>50K,36,183902,13,0,0,4
CLI0555,>50K,46,273771,13,99999,0,40
CLI0556,<=50K,38,165799,10,0,0,12
CLI0557,<=50K,20,155775,9,0,0,30
CLI0558,<=50K,23,209770,9,0,0,40
CLI0559,>50K,39,99146,13,0,1887,60
CLI0560,<=50K,37,50862,9,0,0,55
CLI0561,>50K,41,47170,13,0,0,48
CLI0562,<=50K,49,268234,6,0,0,40
CLI0563,<=50K,25,216010,12,0,0,40
CLI0564,<=50K,20,214542,10,0,0,40
CLI0565,<=50K,34,241885,9,0,0,45
CLI0566,<=50K,21,205844,10,0,0,25
CLI0567,<=50K,40,143069,9,0,0,40
CLI0568,<=50K,33,188861,9,0,0,40
CLI0569,<=50K,49,51620,16,0,0,60
CLI0570,<=50K,55,209535,9,0,0,40
CLI0571,>50K,34,353881,11,3103,0,60
CLI0572,<=50K,29,204984,9,0,0,50
CLI0573,<=50K,26,192652,13,0,0,40
CLI0574,<=50K,53,167033,10,0,0,40
CLI0575,>50K,62,81578,9,0,0,40
CLI0576,>50K,26,402998,13,0,0,58
CLI0577,<=50K,37,130277,3,0,0,40
CLI0578,<=50K,37,95855,9,0,0,40
CLI0579,<=50K,64,63676,6,0,0,40
CLI0580,>50K,30,509500,13,4787,0,45
CLI0581,>50K,36,29702,9,7688,0,40
CLI0582,<=50K,48,125120,10,0,0,55
CLI0583,<=50K,27,175821,9,0,0,34
CLI0584,<=50K,33,33308,10,0,0,70
CLI0585,<=50K,23,119838,13,0,0,50
CLI0586,<=50K,34,340917,15,2829,0,50
CLI0587,<=50K,40,240698,9,0,0,60
CLI0588,>50K,47,44257,13,0,0,60
CLI0589,<=50K,23,46645,13,0,0,25
CLI0590,<=50K,37,265038,10,0,0,50
CLI0591,<=50K,27,221166,5,0,0,40
CLI0592,>50K,41,173938,15,0,0,50
CLI0593,<=50K,44,216921,6,0,0,70
CLI0594,<=50K,35,287658,12,0,0,30
CLI0595,<=50K,58,31732,13,0,0,50
CLI0596,>50K,48,131826,10,0,0,40
CLI0597,<=50K,22,102684,10,0,0,32
CLI0598,<=50K,52,145271,13,0,0,40
CLI0599,<=50K,36,162651,9,0,0,40
CLI0600,<=50K,25,375170,10,0,0,35
CLI0601,<=50K,21,176262,12,0,0,18
CLI0602,<=50K,38,104089,11,0,0,40
CLI0603,<=50K,55,202220,9,2407,0,35
CLI0604,>50K,42,443508,16,0,0,45
CLI0605,<=50K,34,163110,14,0,0,40
CLI0606,<=50K,40,76625,9,0,0,40
CLI0607,<=50K,19,223392,9,0,0,15
CLI0608,<=50K,43,198330,14,0,0,37
CLI0609,<=50K,19,423863,10,0,0,35
CLI0610,<=50K,32,30497,11,0,0,40
CLI0611,>50K,46,192323,10,0,0,38
CLI0612,<=50K,46,405309,9,0,0,40
CLI0613,>50K,48,353012,9,0,1902,40
CLI0614,<=50K,27,172091,9,0,0,40
CLI0615,<=50K,48,383384,9,0,0,60
CLI0616,<=50K,35,209993,7,0,0,8
CLI0617,<=50K,23,303121,10,0,0,30
CLI0618,<=50K,25,52536,12,0,1594,25
CLI0619,<=50K,23,215624,10,0,0,40
CLI0620,>50K,51,159910,13,10520,0,40
CLI0621,<=50K,30,19302,10,0,0,48
CLI0622,<=50K,25,104097,13,2829,0,60
CLI0623,>50K,34,117963,13,0,0,40
CLI0624,<=50K,32,187560,15,3908,0,40
CLI0625,<=50K,51,168539,12,0,0,40
CLI0626,<=50K,71,110380,9,0,2467,52
CLI0627,>50K,83,240150,6,20051,0,50
CLI0628,>50K,31,103435,13,0,0,50
CLI0629,<=50K,23,189072,13,0,0,45
CLI0630,<=50K,42,235700,9,0,0,40
CLI0631,<=50K,58,21626,11,2202,0,56
CLI0632,>50K,40,188693,14,0,0,35
CLI0633,<=50K,24,191073,9,0,0,40
CLI0634,<=50K,22,401690,10,0,0,20
CLI0635,>50K,47,233511,14,27828,0,60
CLI0636,<=50K,21,434710,10,0,0,15
CLI0637,>50K,67,171584,13,6514,0,7
CLI0638,<=50K,24,254767,4,2105,0,50
CLI0639,<=50K,35,170617,9,0,0,48
CLI0640,<=50K,47,287320,14,0,0,40
CLI0641,<=50K,41,198316,10,0,0,50
CLI0642,>50K,52,108083,14,0,0,50
CLI0643,<=50K,61,197311,14,0,0,40
CLI0644,<=50K,49,35406,9,0,0,20
CLI0645,<=50K,46,153254,9,0,0,40
CLI0646,<=50K,37,272471,9,0,0,40
CLI0647,>50K,53,42924,16,14084,0,50
CLI0648,<=50K,38,103456,13,0,0,40
CLI0649,>50K,43,198965,10,0,0,38
CLI0650,<=50K,49,122066,10,0,0,25
CLI0651,<=50K,19,205829,9,0,0,35
CLI0652,>50K,47,84735,14,0,0,20
CLI0653,<=50K,51,521665,10,0,0,24
CLI0654,<=50K,61,238611,4,0,0,38
CLI0655,<=50K,22,201729,5,0,0,30
CLI0656,<=50K,27,604045,13,0,0,40
CLI0657,<=50K,49,120451,6,0,0,40
CLI0658,<=50K,25,109419,9,0,0,40
CLI0659,<=50K,65,221026,9,0,0,20
CLI0660,<=50K,20,293297,10,0,0,35
CLI0661,>50K,51,338260,15,15024,0,60
CLI0662,<=50K,34,205733,9,0,0,40
CLI0663,<=50K,37,282872,9,0,1628,40
CLI0664,<=50K,28,177955,7,0,0,40
CLI0665,<=50K,32,86808,10,0,0,38
CLI0666,<=50K,20,121313,6,0,0,40
CLI0667,>50K,66,249043,13,5556,0,26
CLI0668,<=50K,48,173938,9,0,0,60
CLI0669,<=50K,47,178309,5,0,0,50
CLI0670,<=50K,20,219835,10,0,0,30
CLI0671,<=50K,39,314007,6,0,2051,40
CLI0672,<=50K,25,235795,12,0,0,48
CLI0673,<=50K,40,264663,13,0,0,60
CLI0674,<=50K,38,277022,10,0,0,40
CLI0675,<=50K,26,282304,10,0,0,45
CLI0676,>50K,68,225612,13,0,0,35
CLI0677,>50K,45,35969,14,0,0,60
CLI0678,<=50K,40,299813,7,0,0,37
CLI0679,<=50K,33,243678,10,0,0,40
CLI0680,<=50K,33,300681,9,0,0,40
CLI0681,<=50K,19,174478,9,0,0,40
CLI0682,<=50K,22,284317,12,0,0,40
CLI0683,>50K,45,178319,16,0,0,56
CLI0684,<=50K,21,164019,10,0,0,10
CLI0685,<=50K,41,113823,14,0,0,40
CLI0686,<=50K,20,56322,10,2176,0,25
CLI0687,<=50K,36,135293,13,1506,0,45
CLI0688,<=50K,47,20956,13,0,1740,40
CLI0689,<=50K,27,169460,13,0,0,40
CLI0690,>50K,41,267252,10,0,1902,40
CLI0691,<=50K,56,95763,6,0,0,45
CLI0692,<=50K,49,61885,7,0,0,40
CLI0693,<=50K,36,89508,10,0,0,50
CLI0694,>50K,36,186035,10,0,0,60
CLI0695,<=50K,47,204900,9,0,0,40
CLI0696,>50K,74,228075,10,20051,0,25
CLI0697,<=50K,19,178147,9,0,0,35
CLI0698,<=50K,46,102102,9,0,0,40
CLI0699,<=50K,26,109240,13,0,0,50
CLI0700,<=50K,27,69757,10,0,0,60
CLI0701,<=50K,35,668319,13,0,1740,80
CLI0702,<=50K,28,236861,13,0,0,50
CLI0703,<=50K,38,470663,13,0,0,50
CLI0704,<=50K,33,214129,10,0,0,40
CLI0705,>50K,36,226013,9,5178,0,40
CLI0706,<=50K,23,173851,9,0,0,8
CLI0707,<=50K,32,360593,9,0,0,30
CLI0708,<=50K,17,191260,5,1055,0,24
CLI0709,<=50K,21,211391,10,0,0,27
CLI0710,>50K,33,369386,10,5178,0,40
CLI0711,<=50K,17,268276,8,0,0,12
CLI0712,<=50K,49,28791,10,0,0,40
CLI0713,<=50K,55,183884,9,0,0,45
CLI0714,<=50K,32,177675,9,0,0,40
CLI0715,>50K,46,187749,13,0,0,40
CLI0716,<=50K,30,323054,6,0,0,40
CLI0717,<=50K,37,29145,11,0,0,40
CLI0718,<=50K,37,143547,13,0,0,40
CLI0719,<=50K,51,112310,10,0,0,40
CLI0720,>50K,45,148995,16,99999,0,30
CLI0721,<=50K,61,180382,3,3411,0,45
CLI0722,<=50K,21,184678,10,0,0,35
CLI0723,<=50K,24,283757,13,0,0,39
CLI0724,<=50K,18,434430,9,0,0,30
CLI0725,<=50K,28,365411,5,0,0,42
CLI0726,<=50K,28,127833,9,0,0,40
CLI0727,>50K,49,28334,10,0,0,45
CLI0728,<=50K,39,163392,9,0,0,26
CLI0729,>50K,45,142287,14,0,0,50
CLI0730,<=50K,30,319280,10,0,0,40
CLI0731,<=50K,33,150657,13,0,0,40
CLI0732,<=50K,41,195124,14,0,0,35
CLI0733,<=50K,49,32212,9,0,0,43
CLI0734,>50K,44,325461,13,0,1902,50
CLI0735,<=50K,35,190194,9,0,0,40
CLI0736,<=50K,45,230979,10,0,0,40
CLI0737,<=50K,27,240172,13,0,0,40
CLI0738,<=50K,19,278304,10,0,0,15
CLI0739,<=50K,18,243240,9,0,0,37
CLI0740,<=50K,28,55950,13,0,0,40
CLI0741,<=50K,47,343579,9,0,0,40
CLI0742,<=50K,19,198668,4,0,0,40
CLI0743,<=50K,39,179824,9,0,0,36
CLI0744,<=50K,60,135470,3,0,0,40
CLI0745,<=50K,27,130067,10,0,0,65
CLI0746,<=50K,57,327901,6,0,0,40
CLI0747,<=50K,55,252714,11,0,0,40
CLI0748,<=50K,27,103164,7,0,0,40
CLI0749,<=50K,23,224059,9,0,0,40
CLI0750,<=50K,38,220783,9,0,0,20
CLI0751,<=50K,31,97453,9,0,0,40
CLI0752,<=50K,25,201579,5,0,0,40
CLI0753,<=50K,38,47707,9,0,0,40
CLI0754,<=50K,37,89491,14,0,0,40
CLI0755,<=50K,66,126511,10,0,0,45
CLI0756,<=50K,18,131180,7,0,0,16
CLI0757,<=50K,41,185057,11,0,0,40
CLI0758,<=50K,70,135339,13,0,0,40
CLI0759,<=50K,42,104647,9,0,0,40
CLI0760,>50K,34,243165,13,0,0,30
CLI0761,>50K,63,176696,9,0,0,40
CLI0762,<=50K,36,94954,11,0,0,20
CLI0763,<=50K,65,178931,9,3818,0,40
CLI0764,<=50K,23,189924,10,0,0,40
CLI0765,>50K,31,226696,9,0,0,50
CLI0766,<=50K,38,151322,9,0,0,40
CLI0767,<=50K,36,105138,9,0,0,50
CLI0768,<=50K,24,85088,9,0,1762,32
CLI0769,<=50K,19,117444,9,0,0,30
CLI0770,<=50K,30,45781,9,0,0,40
CLI0771,<=50K,39,200153,13,0,0,40
CLI0772,<=50K,33,43716,10,0,0,4
CLI0773,<=50K,24,137591,10,0,0,10
CLI0774,<=50K,46,170092,14,0,0,43
CLI0775,<=50K,27,247819,10,0,0,15
CLI0776,<=50K,31,169269,4,0,0,40
CLI0777,>50K,34,153614,9,0,0,45
CLI0778,>50K,36,186865,16,0,0,60
CLI0779,<=50K,34,172928,9,0,0,65
CLI0780,<=50K,27,175552,3,0,0,40
CLI0781,<=50K,63,113324,10,0,0,40
CLI0782,<=50K,46,345911,10,0,0,40
CLI0783,>50K,69,50468,15,0,0,34
CLI0784,>50K,37,125933,9,0,0,40
CLI0785,<=50K,21,140764,10,0,0,12
CLI0786,<=50K,27,253873,10,0,0,25
CLI0787,<=50K,30,200892,14,0,0,40
CLI0788,<=50K,19,202184,10,0,0,15
CLI0789,>50K,24,452640,10,14344,0,50
CLI0790,<=50K,23,178207,10,0,0,35
CLI0791,<=50K,31,123430,7,0,0,65
CLI0792,>50K,34,182926,9,0,0,43
CLI0793,<=50K,55,226875,9,4064,0,40
CLI0794,<=50K,21,118712,11,0,1504,40
CLI0795,<=50K,37,223732,10,0,0,40
CLI0796,>50K,43,211128,14,0,0,50
CLI0797,<=50K,36,84848,9,0,0,16
CLI0798,>50K,37,32709,13,0,0,40
CLI0799,<=50K,34,164309,7,0,0,8
CLI0800,<=50K,58,266707,2,0,2179,18
CLI0801,<=50K,35,54576,9,0,0,40
CLI0802,>50K,46,102388,15,15024,0,45
CLI0803,<=50K,53,35305,13,0,0,57
CLI0804,>50K,29,444304,13,0,0,40
CLI0805,<=50K,47,274883,9,0,0,40
CLI0806,>50K,40,228535,12,7298,0,36
CLI0807,<=50K,26,123384,14,0,0,40
CLI0808,<=50K,30,213722,9,0,0,40
CLI0809,<=50K,28,303674,9,3103,0,20
CLI0810,<=50K,19,320014,10,0,0,25
CLI0811,<=50K,58,215245,13,0,0,37
CLI0812,>50K,65,149131,13,0,0,40
CLI0813,<=50K,84,188328,9,0,0,16
CLI0814,<=50K,39,119421,9,0,625,35
CLI0815,<=50K,29,108594,9,0,0,40
CLI0816,>50K,50,276241,13,0,0,40
CLI0817,<=50K,43,211860,9,0,0,24
CLI0818,>50K,53,139671,10,0,0,40
CLI0819,>50K,62,122246,10,8614,0,39
CLI0820,<=50K,39,301867,13,0,0,24
CLI0821,>50K,31,119432,13,0,0,40
CLI0822,<=50K,17,100828,7,0,0,20
CLI0823,<=50K,21,286824,10,0,0,12
CLI0824,>50K,37,117567,13,0,0,60
CLI0825,<=50K,37,291981,9,0,0,40
CLI0826,<=50K,62,102631,10,0,0,50
CLI0827,<=50K,20,53738,10,0,0,60
CLI0828,<=50K,24,212300,9,0,0,38
CLI0829,>50K,37,51158,10,7298,0,36
CLI0830,<=50K,42,32533,10,0,0,45
CLI0831,<=50K,19,25429,10,0,0,25
CLI0832,<=50K,47,341762,9,0,0,40
CLI0833,<=50K,58,190541,9,0,0,47
CLI0834,>50K,58,119558,9,0,0,50
CLI0835,>50K,37,112497,14,0,0,40
CLI0836,<=50K,47,133758,9,0,1974,40
CLI0837,<=50K,55,98361,9,0,0,35
CLI0838,<=50K,19,198459,9,0,2001,40
CLI0839,<=50K,41,170230,13,0,0,45
CLI0840,<=50K,31,257644,9,0,0,43
CLI0841,<=50K,32,46691,13,0,0,40
CLI0842,<=50K,45,45891,10,0,0,42
CLI0843,<=50K,55,41938,13,0,0,8
CLI0844,>50K,46,30219,10,7688,0,38
CLI0845,<=50K,22,174626,4,0,0,40
CLI0846,<=50K,35,173858,9,0,0,40
CLI0847,<=50K,19,123718,10,0,0,20
CLI0848,>50K,37,178100,14,0,0,40
CLI0849,>50K,50,119099,10,0,0,99
CLI0850,<=50K,46,216414,11,0,0,40
CLI0851,>50K,48,168216,10,0,0,40
CLI0852,<=50K,20,411862,11,0,0,30
CLI0853,>50K,44,68729,10,0,1902,40
CLI0854,<=50K,27,367329,11,0,0,40
CLI0855,<=50K,47,171968,13,0,0,60
CLI0856,<=50K,38,210991,13,0,1740,40
CLI0857,>50K,54,203635,9,7298,0,60
CLI0858,<=50K,30,154120,13,0,0,65
CLI0859,<=50K,60,141253,6,0,0,48
CLI0860,<=50K,49,135643,9,0,0,40
CLI0861,<=50K,22,315974,10,0,0,40
CLI0862,<=50K,24,223811,10,0,0,40
CLI0863,<=50K,32,168906,12,0,0,40
CLI0864,<=50K,28,175343,13,0,0,40
CLI0865,<=50K,48,81154,11,0,0,48
CLI0866,<=50K,34,90934,11,0,0,40
CLI0867,<=50K,38,23892,9,0,0,40
CLI0868,>50K,37,362062,15,99999,0,50
CLI0869,<=50K,30,302473,9,0,0,40
CLI0870,<=50K,65,143732,9,0,0,40
CLI0871,<=50K,57,103540,3,0,0,50
CLI0872,>50K,54,103345,11,0,0,40
CLI0873,<=50K,27,198286,10,0,0,34
CLI0874,>50K,41,124956,13,99999,0,60
CLI0875,<=50K,50,174102,9,0,0,40
CLI0876,<=50K,58,209423,2,0,0,38
CLI0877,<=50K,44,139338,8,0,0,40
CLI0878,<=50K,35,171968,9,0,0,40
CLI0879,<=50K,39,315291,9,0,0,40
CLI0880,<=50K,32,173998,10,0,0,60
CLI0881,<=50K,40,188465,9,0,0,35
CLI0882,<=50K,40,341204,10,1831,0,30
CLI0883,<=50K,51,59590,9,0,0,20
CLI0884,<=50K,40,105717,14,0,1876,35
CLI0885,<=50K,58,243929,13,0,0,48
CLI0886,<=50K,59,113203,9,0,0,40
CLI0887,<=50K,20,110998,10,0,0,30
CLI0888,<=50K,38,28887,7,0,0,50
CLI0889,>50K,52,110954,9,0,0,45
CLI0890,<=50K,32,172579,9,0,0,30
CLI0891,>50K,43,150528,14,0,0,40
CLI0892,<=50K,37,329980,10,0,0,40
CLI0893,<=50K,28,329426,13,0,0,40
CLI0894,<=50K,27,183523,13,0,0,45
CLI0895,>50K,38,209609,10,0,0,40
CLI0896,<=50K,33,213887,9,0,0,40
CLI0897,<=50K,18,216508,9,0,0,30
CLI0898,<=50K,37,34378,2,0,0,40
CLI0899,<=50K,59,145574,7,0,0,40
CLI0900,<=50K,19,552354,8,0,0,40
CLI0901,<=50K,17,806316,7,0,0,20
CLI0902,<=50K,56,235826,9,5013,0,40
CLI0903,<=50K,20,53878,9,0,0,40
CLI0904,>50K,46,117849,10,15024,0,40
CLI0905,<=50K,29,84560,9,0,0,40
CLI0906,>50K,58,201112,10,0,0,55
CLI0907,>50K,44,33521,10,0,0,40
CLI0908,<=50K,27,38353,11,0,0,60
CLI0909,<=50K,55,176317,9,0,0,40
CLI0910,<=50K,28,168901,13,0,0,40
CLI0911,<=50K,32,171215,10,0,0,48
CLI0912,<=50K,26,259505,10,0,0,40
CLI0913,>50K,44,320071,9,0,0,40
CLI0914,<=50K,24,275421,10,0,0,40
CLI0915,<=50K,23,234460,4,0,0,40
CLI0916,>50K,37,218490,14,0,0,55
CLI0917,>50K,54,75235,9,5178,0,40
CLI0918,<=50K,45,112305,10,0,0,40
CLI0919,<=50K,39,63021,10,0,0,20
CLI0920,<=50K,35,169809,13,0,0,20
CLI0921,>50K,53,180439,13,0,0,40
CLI0922,<=50K,43,73883,13,0,0,45
CLI0923,<=50K,23,140764,11,0,0,15
CLI0924,<=50K,30,44566,13,0,0,40
CLI0925,<=50K,28,362491,9,0,0,40
CLI0926,>50K,40,191982,11,0,0,40
CLI0927,<=50K,34,30673,14,0,0,55
CLI0928,<=50K,22,228452,6,0,0,30
CLI0929,<=50K,27,175262,13,0,0,40
CLI0930,<=50K,33,80058,9,0,0,48
CLI0931,>50K,34,73161,9,0,0,40
CLI0932,<=50K,40,177595,10,0,1579,40
CLI0933,<=50K,28,216481,13,0,0,40
CLI0934,<=50K,21,306114,10,0,0,20
CLI0935,<=50K,39,117381,9,0,0,62
CLI0936,<=50K,37,197284,10,0,0,40
CLI0937,<=50K,20,289944,10,0,0,25
CLI0938,<=50K,51,172281,13,0,0,40
CLI0939,>50K,51,174824,9,8614,0,40
CLI0940,>50K,65,139960,9,10605,0,60
CLI0941,<=50K,24,202570,13,0,0,15
CLI0942,<=50K,30,291951,9,0,0,40
CLI0943,<=50K,35,110668,9,0,0,35
CLI0944,>50K,36,182863,13,0,0,50
CLI0945,<=50K,43,253759,10,0,0,40
CLI0946,<=50K,74,180455,13,0,0,8
CLI0947,<=50K,31,33124,15,0,0,99
CLI0948,>50K,55,144071,13,0,0,18
CLI0949,<=50K,33,288273,8,1471,0,40
CLI0950,<=50K,46,267952,11,0,0,36
CLI0951,<=50K,36,370585,9,0,0,40
CLI0952,>50K,38,205493,9,0,0,60
CLI0953,<=50K,24,289909,10,0,0,40
CLI0954,<=50K,19,184759,9,0,0,26
CLI0955,<=50K,35,187167,9,0,0,35
CLI0956,>50K,49,142856,9,0,0,40
CLI0957,>50K,44,241851,11,4386,0,40
CLI0958,<=50K,19,248749,10,0,0,20
CLI0959,>50K,42,336513,13,15024,0,60
CLI0960,<=50K,41,247752,9,0,0,40
CLI0961,>50K,47,175958,15,0,0,45
CLI0962,<=50K,47,162595,10,0,0,45
CLI0963,<=50K,26,171114,11,0,0,35
CLI0964,<=50K,57,108741,9,0,0,40
CLI0965,<=50K,65,198019,9,0,0,35
CLI0966,<=50K,33,143851,13,0,0,40
CLI0967,<=50K,23,159709,9,0,0,40
CLI0968,<=50K,41,206565,10,0,0,45
CLI0969,<=50K,48,174794,11,0,0,40
CLI0970,>50K,36,36423,9,0,0,25
CLI0971,<=50K,30,231620,13,0,0,40
CLI0972,>50K,28,141957,12,0,1887,70
CLI0973,>50K,49,281647,14,0,0,45
CLI0974,<=50K,53,548361,9,0,0,40
CLI0975,<=50K,33,301867,10,0,0,35
CLI0976,>50K,40,408717,9,0,0,40
CLI0977,<=50K,38,65624,9,0,0,40
CLI0978,<=50K,19,135162,10,0,0,10
CLI0979,<=50K,21,169699,9,0,0,40
CLI0980,>50K,45,331643,10,0,0,40
CLI0981,<=50K,29,218785,10,0,0,65
CLI0982,>50K,35,79586,14,0,0,40
CLI0983,>50K,37,397877,13,0,0,40
CLI0984,<=50K,22,183257,10,0,0,20
CLI0985,>50K,32,155232,13,0,0,60
CLI0986,<=50K,30,285295,13,0,0,40
CLI0987,<=50K,42,251239,10,0,0,40
CLI0988,<=50K,47,225065,3,0,0,40
CLI0989,<=50K,35,54317,9,0,1672,50
CLI0990,<=50K,26,147821,13,0,0,45
CLI0991,>50K,36,196529,14,0,0,40
CLI0992,<=50K,46,188861,10,0,0,40
CLI0993,<=50K,17,206506,6,0,0,10
CLI0994,<=50K,57,148509,13,0,0,35
CLI0995,<=50K,25,197871,13,0,0,50
CLI0996,>50K,42,190290,12,0,0,40
CLI0997,<=50K,41,222504,15,0,0,38
CLI0998,<=50K,32,339482,3,0,0,60
CLI0999,<=50K,20,117767,10,0,0,40
CLI1000,<=50K,24,83783,13,0,0,40
CLI1001,>50K,49,353824,10,0,0,45
CLI1002,<=50K,26,18827,10,0,0,40
CLI1003,<=50K,35,197719,10,0,0,40
CLI1004,<=50K,27,263431,10,0,0,40
CLI1005,>50K,37,176756,10,0,1485,70
CLI1006,<=50K,35,63021,10,0,0,35
CLI1007,<=50K,45,380127,13,0,0,40
CLI1008,<=50K,32,165949,13,0,1590,42
CLI1009,>50K,52,153312,12,0,0,40
CLI1010,<=50K,33,154227,11,0,0,40
CLI1011,<=50K,70,262345,10,0,0,6
CLI1012,<=50K,22,190903,7,0,0,20
CLI1013,>50K,51,221672,14,15024,0,50
CLI1014,<=50K,69,171050,9,0,0,9
CLI1015,>50K,42,255847,9,4386,0,48
CLI1016,>50K,46,192779,13,7688,0,40
CLI1017,>50K,44,162028,10,0,2415,6
CLI1018,>50K,38,304651,9,0,0,45
CLI1019,<=50K,43,144218,8,0,0,60
CLI1020,<=50K,20,117222,10,0,0,15
CLI1021,<=50K,37,497300,9,0,0,40
CLI1022,<=50K,45,265083,3,0,0,35
CLI1023,<=50K,28,218990,11,0,0,46
CLI1024,<=50K,22,283969,9,0,0,40
CLI1025,<=50K,24,119704,9,0,0,40
CLI1026,<=50K,31,416415,9,0,0,45
CLI1027,<=50K,19,318822,7,0,0,35
CLI1028,<=50K,35,149347,9,0,0,70
CLI1029,<=50K,23,170091,10,0,0,6
CLI1030,<=50K,57,185072,10,0,0,40
CLI1031,<=50K,19,97261,9,0,0,40
CLI1032,<=50K,24,186314,10,0,0,54
CLI1033,<=50K,81,123959,13,0,1668,3
CLI1034,<=50K,21,26410,9,0,0,40
CLI1035,>50K,44,110396,14,14084,0,56
CLI1036,<=50K,25,324609,9,0,0,40
CLI1037,<=50K,21,212661,6,0,0,39
CLI1038,>50K,38,290306,9,0,0,40
CLI1039,<=50K,18,36348,10,0,0,48
CLI1040,>50K,41,33126,13,0,0,40
CLI1041,<=50K,50,254148,10,0,0,40
CLI1042,<=50K,25,499233,9,0,0,40
CLI1043,<=50K,25,264055,13,0,0,40
CLI1044,<=50K,25,32276,13,0,0,40
CLI1045,>50K,31,502752,13,0,0,40
CLI1046,<=50K,27,204098,9,0,0,50
CLI1047,<=50K,44,103233,13,0,0,40
CLI1048,<=50K,32,209691,13,0,0,50
CLI1049,<=50K,19,227310,10,0,0,25
CLI1050,<=50K,34,168768,12,0,0,35
CLI1051,>50K,40,193524,10,0,0,40
CLI1052,<=50K,31,283268,13,0,0,36
CLI1053,<=50K,48,40666,9,0,0,40
CLI1054,<=50K,29,177651,10,0,0,45
CLI1055,<=50K,33,313729,14,0,0,60
CLI1056,<=50K,20,179423,10,0,0,40
CLI1057,<=50K,34,45522,9,0,0,40
CLI1058,<=50K,39,216129,12,0,0,35
CLI1059,<=50K,50,95435,4,0,1579,65
CLI1060,<=50K,36,41624,6,0,0,70
CLI1061,>50K,41,186909,14,0,1902,35
CLI1062,<=50K,32,53135,9,0,0,40
CLI1063,>50K,29,137618,10,0,0,41
CLI1064,>50K,32,108116,13,0,1902,60
CLI1065,<=50K,32,169973,14,0,0,38
CLI1066,<=50K,28,185127,10,0,0,54
CLI1067,<=50K,25,204338,9,0,0,30
CLI1068,<=50K,50,96062,9,0,0,40
CLI1069,<=50K,17,237272,6,0,0,30
CLI1070,<=50K,72,97304,9,2346,0,40
CLI1071,>50K,45,162410,10,0,0,45
CLI1072,<=50K,22,51136,10,0,0,60
CLI1073,>50K,34,366198,16,0,0,45
CLI1074,<=50K,22,361280,13,0,0,20
CLI1075,<=50K,40,195617,10,0,0,20
CLI1076,<=50K,46,225065,1,0,0,40
CLI1077,<=50K,18,192485,8,0,0,20
CLI1078,<=50K,24,127753,8,0,0,40
CLI1079,<=50K,24,308285,9,0,0,40
CLI1080,<=50K,29,263831,13,0,0,40
CLI1081,>50K,60,178312,9,7298,0,65
CLI1082,>50K,53,173093,10,0,1887,40
CLI1083,<=50K,48,180532,11,0,0,40
CLI1084,>50K,52,154521,9,0,0,44
CLI1085,<=50K,44,254303,10,0,0,45
CLI1086,<=50K,27,236246,12,0,0,40
CLI1087,<=50K,27,90692,11,0,0,40
CLI1088,<=50K,60,226949,9,0,0,37
CLI1089,<=50K,28,181776,10,0,0,40
CLI1090,<=50K,56,170217,9,0,0,45
CLI1091,<=50K,47,207540,4,0,0,40
CLI1092,>50K,43,203637,13,7298,0,40
CLI1093,<=50K,31,163890,10,0,0,40
CLI1094,<=50K,36,255454,13,0,0,40
CLI1095,>50K,39,288551,10,0,0,52
CLI1096,<=50K,39,186420,9,0,0,40
CLI1097,<=50K,36,229180,10,0,0,40
CLI1098,<=50K,19,183532,10,0,0,25
CLI1099,<=50K,41,160467,14,1506,0,40
CLI1100,<=50K,38,166585,13,0,0,55
CLI1101,<=50K,31,47151,9,0,0,56
CLI1102,>50K,61,503675,10,0,0,60
CLI1103,<=50K,32,152940,12,0,0,30
CLI1104,<=50K,25,169124,13,0,0,40
CLI1105,<=50K,23,325596,10,0,0,40
CLI1106,<=50K,57,296516,10,0,0,50
CLI1107,<=50K,28,103802,13,0,1408,40
CLI1108,<=50K,23,133355,10,0,0,15
CLI1109,<=50K,23,152140,9,0,0,40
CLI1110,<=50K,63,106648,9,0,0,25
CLI1111,<=50K,22,109053,8,0,0,40
CLI1112,<=50K,29,338270,9,0,0,40
CLI1113,<=50K,23,257683,13,0,0,40
CLI1114,>50K,53,124076,16,99999,0,37
CLI1115,>50K,37,204145,11,0,0,45
CLI1116,<=50K,22,154422,10,0,0,30
CLI1117,<=50K,28,239539,9,0,0,40
CLI1118,<=50K,60,96073,9,0,0,30
CLI1119,>50K,24,142404,13,0,0,40
CLI1120,<=50K,53,88725,9,0,0,40
CLI1121,<=50K,35,327120,12,0,0,55
CLI1122,<=50K,38,180220,9,0,0,60
CLI1123,<=50K,42,263871,9,0,0,8
CLI1124,<=50K,35,96824,10,0,0,40
CLI1125,>50K,47,150768,13,0,1564,51
CLI1126,<=50K,26,53833,10,0,0,42
CLI1127,<=50K,34,139890,10,0,0,40
CLI1128,>50K,40,203761,9,0,0,40
CLI1129,<=50K,35,153633,10,0,0,40
CLI1130,>50K,38,125933,13,27828,0,45
CLI1131,>50K,43,293535,13,0,0,40
CLI1132,<=50K,58,294313,10,0,0,55
CLI1133,<=50K,34,171159,10,0,0,30
CLI1134,<=50K,18,215110,9,0,0,40
CLI1135,<=50K,19,109005,10,0,0,40
CLI1136,<=50K,21,63665,10,0,0,15
CLI1137,<=50K,45,221780,10,0,0,30
CLI1138,<=50K,30,172304,11,0,0,55
CLI1139,<=50K,65,179985,9,0,0,40
CLI1140,<=50K,60,97030,13,0,0,35
CLI1141,<=50K,19,280071,10,0,0,50
CLI1142,<=50K,42,221172,9,0,0,40
CLI1143,<=50K,51,143865,6,0,0,24
CLI1144,<=50K,73,173047,13,0,0,15
CLI1145,>50K,69,228921,13,0,2282,40
CLI1146,<=50K,29,189765,3,0,0,40
CLI1147,<=50K,17,113301,7,0,0,12
CLI1148,<=50K,19,258633,10,0,0,25
CLI1149,<=50K,30,340917,13,0,0,40
CLI1150,<=50K,23,39603,10,0,0,40
CLI1151,>50K,51,178241,9,0,0,40
CLI1152,<=50K,43,206927,9,0,0,40
CLI1153,<=50K,19,286469,10,0,0,30
CLI1154,>50K,51,171409,10,0,0,40
CLI1155,<=50K,30,316606,13,0,0,40
CLI1156,<=50K,28,104617,4,0,0,99
CLI1157,<=50K,48,397466,10,0,0,60
CLI1158,<=50K,23,184813,10,0,0,20
CLI1159,<=50K,18,200525,7,0,0,25
CLI1160,<=50K,40,67852,9,0,0,35
CLI1161,>50K,48,55863,16,0,1902,46
CLI1162,<=50K,45,168837,10,0,0,40
CLI1163,>50K,50,145333,16,10520,0,50
CLI1164,<=50K,32,111836,10,0,0,50
CLI1165,<=50K,36,101481,9,0,0,40
CLI1166,>50K,52,109600,14,4787,0,44
CLI1167,<=50K,34,226629,9,0,0,40
CLI1168,>50K,49,431245,10,0,0,50
CLI1169,<=50K,50,41890,9,0,0,40
CLI1170,<=50K,35,267891,9,0,0,38
CLI1171,<=50K,22,361138,9,0,0,50
CLI1172,<=50K,20,133061,5,0,0,40
CLI1173,<=50K,28,272913,6,0,0,30
CLI1174,>50K,25,182809,9,7298,0,40
CLI1175,<=50K,24,122348,13,0,0,40
CLI1176,<=50K,55,200992,10,0,0,35
CLI1177,>50K,32,222221,11,7298,0,42
CLI1178,>50K,45,233511,13,0,1977,60
CLI1179,>50K,34,181091,9,7688,0,40
CLI1180,<=50K,46,170850,13,0,1590,40
CLI1181,<=50K,36,111957,10,0,0,52
CLI1182,<=50K,17,67808,6,0,0,40
CLI1183,>50K,34,264651,9,0,0,40
CLI1184,<=50K,40,205706,9,0,0,40
CLI1185,>50K,52,185407,13,0,0,50
CLI1186,>50K,40,207578,9,0,0,50
CLI1187,<=50K,62,198686,9,0,0,40
CLI1188,<=50K,51,230095,11,0,0,40
CLI1189,>50K,53,302868,13,0,0,50
CLI1190,<=50K,22,175431,9,0,0,20
CLI1191,<=50K,31,209538,6,0,0,40
CLI1192,<=50K,18,78181,9,0,0,20
CLI1193,>50K,51,221532,13,0,0,40
CLI1194,<=50K,31,197672,13,0,0,40
CLI1195,<=50K,34,158040,13,0,0,45
CLI1196,>50K,46,105444,13,0,0,50
CLI1197,<=50K,34,221396,10,0,0,40
CLI1198,<=50K,28,163320,9,0,0,40
CLI1199,<=50K,39,77516,13,2174,0,40
CLI1200,>50K,36,20507,9,7688,0,50
CLI1201,>50K,49,215895,14,0,0,40
CLI1202,>50K,32,182556,13,0,1887,45
CLI1203,<=50K,49,71195,14,0,0,60
CLI1204,<=50K,44,443040,9,0,0,40
CLI1205,<=50K,39,116608,9,0,0,40
CLI1206,<=50K,39,32146,10,0,0,40
CLI1207,<=50K,49,133917,11,0,0,40
CLI1208,<=50K,29,151382,11,0,0,50
CLI1209,<=50K,43,117022,9,0,0,40
CLI1210,<=50K,52,89054,9,0,0,40
CLI1211,>50K,48,192894,16,0,0,40
CLI1212,<=50K,28,184723,13,0,1980,35
CLI1213,>50K,48,166634,13,7688,0,40
CLI1214,<=50K,34,43959,9,0,0,50
CLI1215,<=50K,25,184303,10,0,0,30
CLI1216,<=50K,18,187770,9,0,0,30
CLI1217,<=50K,64,193575,7,0,0,40
CLI1218,>50K,45,277434,12,0,0,40
CLI1219,<=50K,39,33975,9,0,0,50
CLI1220,<=50K,45,112283,13,0,0,55
CLI1221,<=50K,25,108505,9,0,0,45
CLI1222,<=50K,20,271354,9,0,0,40
CLI1223,<=50K,23,237432,13,0,0,40
CLI1224,<=50K,41,308550,9,0,0,60
CLI1225,<=50K,42,236110,3,0,0,40
CLI1226,>50K,63,167501,10,20051,0,10
CLI1227,<=50K,58,51662,6,0,0,8
CLI1228,<=50K,35,168675,9,0,0,50
CLI1229,<=50K,46,110884,9,0,0,40
CLI1230,>50K,57,146103,13,0,0,45
CLI1231,<=50K,36,127306,13,0,0,40
CLI1232,<=50K,23,147253,12,0,0,40
CLI1233,<=50K,38,29874,11,0,0,40
CLI1234,>50K,25,185942,14,0,0,40
CLI1235,>50K,38,205852,13,0,0,40
CLI1236,<=50K,20,266015,10,0,0,44
CLI1237,<=50K,47,71221,9,0,0,60
CLI1238,>50K,44,201435,11,0,0,40
CLI1239,<=50K,22,83704,10,0,0,30
CLI1240,<=50K,51,280278,6,0,0,40
CLI1241,<=50K,42,109684,14,0,1741,35
CLI1242,<=50K,34,209317,10,0,0,40
CLI1243,<=50K,23,238092,13,0,0,40
CLI1244,>50K,41,83411,9,0,0,40
CLI1245,<=50K,56,179641,9,0,0,45
CLI1246,<=50K,33,62155,10,0,0,35
CLI1247,>50K,35,33975,14,0,0,45
CLI1248,<=50K,26,213412,7,0,0,40
CLI1249,<=50K,31,163516,10,0,0,40
CLI1250,<=50K,42,190786,11,0,0,40
CLI1251,<=50K,20,178628,10,0,0,40
CLI1252,>50K,67,231559,15,20051,0,48
CLI1253,<=50K,28,251905,13,0,0,50
CLI1254,<=50K,34,104293,13,0,0,40
CLI1255,<=50K,52,169785,10,0,0,50
CLI1256,<=50K,25,88922,9,0,0,40
CLI1257,<=50K,56,196307,13,0,0,20
CLI1258,<=50K,55,219775,9,0,0,38
CLI1259,<=50K,39,191524,9,0,0,40
CLI1260,<=50K,26,152855,9,0,0,40
CLI1261,<=50K,58,241056,10,0,0,46
CLI1262,<=50K,26,300290,7,0,0,40
CLI1263,<=50K,31,49923,9,0,0,40
CLI1264,<=50K,29,224858,10,0,0,60
CLI1265,<=50K,20,196745,10,0,0,16
CLI1266,<=50K,21,25265,9,0,0,40
CLI1267,<=50K,40,128700,10,0,0,40
CLI1268,<=50K,47,238185,13,0,0,40
CLI1269,<=50K,23,154373,13,0,0,50
CLI1270,<=50K,60,106850,6,0,0,40
CLI1271,<=50K,28,104024,10,0,0,40
CLI1272,<=50K,40,558944,4,0,0,40
CLI1273,<=50K,28,216965,10,0,0,40
CLI1274,<=50K,43,191982,11,0,0,55
CLI1275,<=50K,56,170324,3,0,0,40
CLI1276,<=50K,47,543162,9,0,0,40
CLI1277,<=50K,37,349116,9,0,0,44
CLI1278,<=50K,45,102597,9,0,0,35
CLI1279,<=50K,23,183327,9,0,1594,20
CLI1280,<=50K,27,205440,6,0,0,40
CLI1281,<=50K,53,95647,5,0,0,50
CLI1282,<=50K,45,56904,13,5013,0,45
CLI1283,<=50K,35,49352,10,0,0,38
CLI1284,>50K,49,102110,9,0,0,30
CLI1285,<=50K,20,112847,9,0,0,40
CLI1286,<=50K,28,148429,9,0,0,40
CLI1287,<=50K,40,227236,9,0,0,50
CLI1288,<=50K,55,176904,9,0,0,40
CLI1289,<=50K,17,104025,7,0,0,18
CLI1290,<=50K,35,32528,9,0,0,50
CLI1291,<=50K,42,412379,9,0,0,40
CLI1292,>50K,41,92733,9,0,0,40
CLI1293,>50K,22,186634,8,0,0,50
CLI1294,<=50K,67,239705,16,0,0,12
CLI1295,<=50K,34,156890,9,0,0,50
CLI1296,<=50K,21,56582,7,0,0,50
CLI1297,<=50K,19,170800,10,0,0,20
CLI1298,<=50K,45,195418,14,0,0,40
CLI1299,<=50K,35,98948,13,0,0,32
CLI1300,>50K,35,300681,9,7298,0,35
CLI1301,<=50K,35,169104,10,0,0,40
CLI1302,<=50K,45,183804,10,0,0,40
CLI1303,>50K,35,178322,11,0,0,50
CLI1304,<=50K,24,200295,10,0,0,40
CLI1305,>50K,44,361280,10,0,0,80
CLI1306,>50K,55,141807,13,0,0,60
CLI1307,<=50K,29,301031,9,0,0,40
CLI1308,<=50K,42,102069,4,0,0,30
CLI1309,<=50K,67,228200,9,0,0,20
CLI1310,>50K,27,228472,13,0,0,45
CLI1311,<=50K,45,242552,8,0,0,35
CLI1312,<=50K,30,207301,9,0,1980,40
CLI1313,>50K,34,242984,9,0,1887,45
CLI1314,<=50K,23,293565,6,0,0,40
CLI1315,<=50K,30,54334,5,0,0,40
CLI1316,<=50K,72,194548,10,0,0,3
CLI1317,<=50K,47,161950,9,0,0,32
CLI1318,<=50K,75,125784,10,0,0,8
CLI1319,<=50K,67,150516,4,0,0,24
CLI1320,<=50K,39,74194,9,0,0,55
CLI1321,>50K,40,130760,11,0,0,50
CLI1322,<=50K,62,115387,9,0,0,40
CLI1323,<=50K,26,358975,10,0,0,50
CLI1324,<=50K,45,449354,10,0,0,40
CLI1325,>50K,39,91367,14,0,1848,45
CLI1326,<=50K,21,221480,10,0,0,25
CLI1327,<=50K,59,157303,10,0,0,48
CLI1328,<=50K,43,396116,9,0,0,40
CLI1329,<=50K,27,126060,9,0,0,40
CLI1330,>50K,40,63503,13,0,0,40
CLI1331,<=50K,18,260801,9,0,0,20
CLI1332,>50K,39,236391,9,0,0,38
CLI1333,<=50K,29,84366,6,0,0,40
CLI1334,<=50K,31,148600,9,0,0,40
CLI1335,<=50K,45,285575,9,0,0,40
CLI1336,>50K,35,189092,13,0,0,40
CLI1337,<=50K,62,123582,6,0,0,40
CLI1338,>50K,43,352005,13,15024,0,45
CLI1339,<=50K,43,88233,10,0,0,60
CLI1340,<=50K,74,194312,5,0,0,10
CLI1341,<=50K,27,183511,9,0,0,40
CLI1342,<=50K,78,91534,13,0,0,3
CLI1343,>50K,36,113337,10,0,0,42
CLI1344,<=50K,39,409189,3,0,0,40
CLI1345,>50K,36,147258,11,0,0,60
CLI1346,<=50K,33,374905,6,0,0,40
CLI1347,<=50K,40,162108,13,0,0,50
CLI1348,<=50K,63,168048,15,0,0,30
CLI1349,<=50K,18,113185,7,0,0,25
CLI1350,>50K,37,221740,13,0,0,30
CLI1351,<=50K,59,32954,11,0,0,36
CLI1352,>50K,56,329059,9,0,0,40
CLI1353,<=50K,30,342709,9,0,0,40
CLI1354,>50K,33,183923,14,7688,0,35
CLI1355,<=50K,56,119254,6,0,0,40
CLI1356,<=50K,62,263374,11,0,0,40
CLI1357,<=50K,25,222254,9,0,0,40
CLI1358,<=50K,37,194004,7,0,0,25
CLI1359,<=50K,47,165822,10,0,0,40
CLI1360,<=50K,84,132806,9,0,0,13
CLI1361,>50K,46,168195,15,0,1902,45
CLI1362,>50K,49,124356,13,0,0,60
CLI1363,<=50K,28,206125,10,0,0,40
CLI1364,<=50K,27,159724,13,0,0,40
CLI1365,<=50K,33,93930,9,0,0,40
CLI1366,<=50K,77,344425,5,0,0,10
CLI1367,<=50K,60,81578,5,0,0,40
CLI1368,<=50K,34,61272,13,0,0,40
CLI1369,<=50K,32,241885,6,0,0,40
CLI1370,>50K,47,323798,15,15024,0,55
CLI1371,<=50K,41,171351,10,0,0,40
CLI1372,<=50K,39,99357,14,1506,0,40
CLI1373,<=50K,27,152951,9,0,0,40
CLI1374,<=50K,32,230420,9,0,0,45
CLI1375,<=50K,45,120724,14,4386,0,40
CLI1376,<=50K,43,237670,11,0,0,25
CLI1377,<=50K,45,160962,10,0,0,35
CLI1378,<=50K,38,81965,11,0,0,40
CLI1379,<=50K,53,251063,10,0,0,40
CLI1380,>50K,40,153031,14,7298,0,35
CLI1381,>50K,43,193882,10,7688,0,40
CLI1382,<=50K,58,238438,10,0,0,42
CLI1383,<=50K,58,180980,10,0,0,42
CLI1384,<=50K,22,285775,11,0,0,40
CLI1385,<=50K,20,224238,8,0,0,40
CLI1386,<=50K,26,221626,9,0,1579,20
CLI1387,<=50K,39,141802,10,0,0,40
CLI1388,>50K,49,34545,10,0,1887,40
CLI1389,>50K,36,408427,15,0,0,60
CLI1390,>50K,40,356934,12,0,0,40
CLI1391,<=50K,31,255004,13,0,1741,38
CLI1392,<=50K,37,35330,9,0,1669,55
CLI1393,<=50K,39,451059,5,0,0,40
CLI1394,<=50K,20,286734,10,0,0,35
CLI1395,<=50K,47,664821,13,0,0,40
CLI1396,<=50K,27,357348,9,0,0,50
CLI1397,>50K,39,49020,13,3103,0,48
CLI1398,<=50K,40,43711,9,0,0,45
CLI1399,<=50K,30,84119,13,0,0,43
CLI1400,<=50K,45,32172,10,0,0,50
CLI1401,<=50K,37,126675,10,0,0,57
CLI1402,<=50K,22,206861,10,0,0,40
CLI1403,<=50K,25,141876,14,0,0,45
CLI1404,>50K,34,344073,9,0,0,40
CLI1405,>50K,47,362835,13,0,0,50
CLI1406,<=50K,37,184655,9,0,0,35
CLI1407,<=50K,28,153869,7,0,0,40
CLI1408,<=50K,26,165510,13,0,0,40
CLI1409,<=50K,18,54440,10,0,0,30
CLI1410,>50K,30,321990,14,15024,0,60
CLI1411,<=50K,42,46094,13,0,0,33
CLI1412,<=50K,34,62374,9,0,0,48
CLI1413,>50K,40,34007,9,0,0,70
CLI1414,<=50K,23,314645,12,0,0,25
CLI1415,<=50K,26,259585,10,0,0,24
CLI1416,>50K,45,148171,11,15024,0,40
CLI1417,>50K,49,228372,10,0,0,20
CLI1418,>50K,44,167005,13,7688,0,60
CLI1419,<=50K,18,214617,10,0,0,16
CLI1420,<=50K,29,180758,12,0,0,60
CLI1421,<=50K,49,185385,12,0,0,45
CLI1422,>50K,47,156926,13,0,0,45
CLI1423,<=50K,57,135028,9,0,0,35
CLI1424,<=50K,27,386036,10,0,0,48
CLI1425,<=50K,24,247734,13,0,0,30
CLI1426,>50K,52,74275,10,7298,0,45
CLI1427,<=50K,20,190457,9,0,0,30
CLI1428,>50K,35,116960,14,0,1887,40
CLI1429,>50K,35,356238,12,0,0,80
CLI1430,<=50K,36,210945,10,0,0,70
CLI1431,<=50K,40,144995,11,4386,0,40
CLI1432,>50K,73,102510,4,6418,0,99
CLI1433,<=50K,20,249087,10,0,0,40
CLI1434,<=50K,47,341471,9,0,0,4
CLI1435,<=50K,57,158827,9,0,0,40
CLI1436,>50K,48,142719,14,0,0,40
CLI1437,<=50K,68,191288,4,0,0,15
CLI1438,<=50K,25,106491,9,0,0,48
CLI1439,>50K,34,175856,13,3103,0,55
CLI1440,<=50K,49,328776,9,0,0,40
CLI1441,>50K,45,223999,5,0,1848,40
CLI1442,<=50K,17,181317,6,0,0,35
CLI1443,<=50K,44,216116,9,0,0,40
CLI1444,<=50K,41,204046,9,0,0,40
CLI1445,>50K,40,270147,14,0,0,40
CLI1446,<=50K,21,219835,11,0,0,40
CLI1447,<=50K,23,320294,9,0,0,40
CLI1448,>50K,36,35945,4,7298,0,45
CLI1449,<=50K,32,209317,9,0,0,40
CLI1450,<=50K,60,137733,13,0,0,50
CLI1451,<=50K,49,411273,6,0,0,40
CLI1452,<=50K,26,350853,3,0,0,40
CLI1453,>50K,61,219886,10,0,0,40
CLI1454,>50K,42,154374,9,0,0,50
CLI1455,<=50K,51,305147,13,0,0,40
CLI1456,<=50K,37,127918,10,0,0,20
CLI1457,<=50K,29,264961,9,0,0,45
CLI1458,<=50K,58,111169,9,0,0,40
CLI1459,>50K,45,182655,13,0,0,45
CLI1460,>50K,33,159247,13,0,0,40
CLI1461,<=50K,32,48014,10,0,0,35
CLI1462,>50K,37,137229,11,0,0,45
CLI1463,<=50K,21,233923,10,0,0,24
CLI1464,<=50K,30,275632,9,0,0,45
CLI1465,<=50K,55,170166,13,0,0,25
CLI1466,<=50K,52,225317,3,0,0,40
CLI1467,<=50K,24,206861,13,0,0,40
CLI1468,>50K,59,32537,9,0,0,40
CLI1469,>50K,47,324791,14,0,1887,50
CLI1470,<=50K,47,196707,15,0,0,40
CLI1471,>50K,41,104892,14,0,0,40
CLI1472,<=50K,33,118551,9,0,0,40
CLI1473,<=50K,24,191269,13,0,0,65
CLI1474,<=50K,43,190044,6,0,0,40
CLI1475,<=50K,40,170019,9,0,0,40
CLI1476,>50K,47,174533,11,0,0,40
CLI1477,<=50K,57,110417,10,0,0,75
CLI1478,<=50K,37,164526,13,0,0,40
CLI1479,>50K,48,287647,16,7688,0,55
CLI1480,<=50K,21,170456,10,0,0,35
CLI1481,<=50K,53,103586,13,0,0,55
CLI1482,<=50K,17,226717,8,0,0,20
CLI1483,<=50K,32,116365,9,0,0,20
CLI1484,<=50K,29,176723,10,0,0,25
CLI1485,>50K,35,170174,9,7298,0,60
CLI1486,>50K,40,294708,9,0,0,40
CLI1487,>50K,59,43221,10,0,0,43
CLI1488,<=50K,33,164190,14,0,0,20
CLI1489,<=50K,25,173212,12,2354,0,45
CLI1490,<=50K,39,152023,7,0,0,40
CLI1491,<=50K,35,196178,9,0,0,40
CLI1492,<=50K,28,222005,9,0,0,40
CLI1493,<=50K,64,211222,13,0,0,40
CLI1494,<=50K,27,335421,14,0,0,40
CLI1495,<=50K,30,203258,9,0,0,35
CLI1496,<=50K,24,203924,13,0,0,45
CLI1497,>50K,38,207202,9,0,0,48
CLI1498,<=50K,37,34996,9,0,0,40
CLI1499,<=50K,20,299047,10,0,0,20
CLI1500,<=50K,31,110714,10,0,0,37
CLI1501,>50K,31,127610,13,0,0,50
CLI1502,<=50K,20,122166,10,0,0,40
CLI1503,<=50K,48,43206,15,0,0,25
CLI1504,<=50K,90,171956,10,0,0,40
CLI1505,<=50K,41,145441,11,0,0,40
CLI1506,<=50K,65,109351,5,0,0,24
CLI1507,<=50K,39,48093,9,0,0,40
CLI1508,>50K,42,157562,13,0,1902,80
CLI1509,<=50K,27,199172,13,0,0,40
CLI1510,<=50K,31,176862,10,0,0,40
CLI1511,<=50K,46,122206,9,0,0,50
CLI1512,<=50K,23,182615,10,0,0,40
CLI1513,>50K,39,172425,11,0,0,20
CLI1514,>50K,33,238912,16,0,0,60
CLI1515,<=50K,40,293809,13,0,0,20
CLI1516,<=50K,53,111939,13,0,0,35
CLI1517,<=50K,39,89508,13,0,0,40
CLI1518,>50K,77,143516,14,0,0,8
CLI1519,<=50K,61,68268,6,0,0,55
CLI1520,<=50K,32,176998,13,0,0,40
CLI1521,<=50K,26,162312,10,0,0,20
CLI1522,>50K,47,105779,13,0,0,40
CLI1523,<=50K,37,147258,10,0,0,55
CLI1524,<=50K,54,457237,14,0,0,40
CLI1525,<=50K,23,254127,13,0,0,50
CLI1526,<=50K,24,440138,9,0,0,45
CLI1527,<=50K,50,133963,9,0,0,35
CLI1528,>50K,31,345122,15,14084,0,50
CLI1529,<=50K,26,190469,13,0,0,40
CLI1530,>50K,48,144122,14,0,0,40
CLI1531,<=50K,23,205939,9,0,0,38
CLI1532,>50K,71,35303,13,9386,0,30
CLI1533,>50K,50,123429,10,0,0,40
CLI1534,>50K,41,175674,10,0,0,40
CLI1535,<=50K,69,174474,6,0,0,28
CLI1536,>50K,38,63509,9,0,0,40
CLI1537,<=50K,28,144521,9,0,0,40
CLI1538,<=50K,32,207284,9,0,0,40
CLI1539,<=50K,51,99316,8,0,0,50
CLI1540,>50K,66,174276,10,0,0,50
CLI1541,>50K,43,245056,9,0,0,40
CLI1542,<=50K,18,127827,8,0,0,25
CLI1543,<=50K,27,109881,13,0,0,20
CLI1544,<=50K,23,442359,13,0,1092,40
CLI1545,<=50K,35,156728,9,0,0,40
CLI1546,<=50K,28,294398,10,0,0,40
CLI1547,<=50K,27,157624,9,0,0,40
CLI1548,<=50K,24,201603,9,0,0,30
CLI1549,>50K,52,284329,11,15024,0,40
CLI1550,<=50K,19,190817,10,0,0,40
CLI1551,<=50K,22,122346,9,0,0,40
CLI1552,<=50K,22,121070,10,0,0,35
CLI1553,<=50K,20,164775,3,0,0,40
CLI1554,>50K,55,134120,6,99999,0,40
CLI1555,<=50K,49,265295,9,0,0,40
CLI1556,<=50K,29,363425,13,0,0,40
CLI1557,<=50K,57,299358,9,0,1719,25
CLI1558,<=50K,18,36411,8,0,0,30
CLI1559,<=50K,37,344480,10,0,0,65
CLI1560,<=50K,34,108454,10,0,0,45
CLI1561,<=50K,61,124648,6,0,0,40
CLI1562,>50K,55,168625,10,0,0,12
CLI1563,>50K,40,191429,15,15024,0,40
CLI1564,<=50K,54,94055,13,0,0,40
CLI1565,<=50K,45,61751,9,0,0,35
CLI1566,<=50K,41,146659,13,0,0,70
CLI1567,<=50K,40,105862,13,5455,0,40
CLI1568,>50K,47,109832,9,5178,0,30
CLI1569,<=50K,39,111499,13,0,0,40
CLI1570,<=50K,18,208447,8,0,0,6
CLI1571,<=50K,49,233059,11,0,0,40
CLI1572,<=50K,39,86551,9,0,1876,40
CLI1573,<=50K,25,281627,14,0,0,40
CLI1574,<=50K,30,189620,13,0,0,40
CLI1575,<=50K,43,336042,9,0,0,40
CLI1576,<=50K,55,143266,9,0,0,25
CLI1577,>50K,46,142828,9,0,0,40
CLI1578,<=50K,24,111450,9,0,0,40
CLI1579,>50K,47,345493,15,99999,0,55
CLI1580,>50K,43,33331,14,0,0,40
CLI1581,<=50K,61,226989,10,0,0,40
CLI1582,<=50K,20,206215,9,0,0,40
CLI1583,<=50K,51,158508,10,0,0,36
CLI1584,<=50K,67,223257,9,0,0,40
CLI1585,<=50K,40,256202,11,0,0,40
CLI1586,<=50K,54,172962,13,0,1340,40
CLI1587,<=50K,38,273285,7,0,0,32
CLI1588,<=50K,56,128900,10,0,0,40
CLI1589,>50K,43,209894,9,0,0,40
CLI1590,<=50K,36,177907,10,0,0,65
CLI1591,>50K,64,159938,9,8614,0,40
CLI1592,<=50K,28,96219,13,0,0,5
CLI1593,<=50K,42,225193,9,0,0,40
CLI1594,<=50K,33,103435,11,0,0,45
CLI1595,<=50K,41,340148,10,0,0,45
CLI1596,<=50K,25,29020,12,0,0,45
CLI1597,<=50K,23,41031,10,0,0,35
CLI1598,<=50K,52,165681,10,0,0,40
CLI1599,<=50K,26,247006,9,0,0,52
CLI1600,<=50K,69,660461,9,0,0,20
CLI1601,>50K,50,132716,9,0,0,40
CLI1602,<=50K,27,216481,10,0,0,40
CLI1603,>50K,61,98350,16,0,0,40
CLI1604,<=50K,19,73190,10,0,0,20
CLI1605,<=50K,52,126978,9,0,0,40
CLI1606,>50K,30,315640,16,0,1977,40
CLI1607,<=50K,46,231515,12,0,0,47
CLI1608,>50K,54,98535,13,0,0,40
CLI1609,<=50K,48,102938,13,0,0,40
CLI1610,<=50K,28,140845,6,0,155,40
CLI1611,<=50K,25,193051,13,0,0,35
CLI1612,<=50K,17,295991,6,0,0,20
CLI1613,<=50K,19,188815,9,34095,0,20
CLI1614,<=50K,34,119422,11,0,1672,50
CLI1615,>50K,37,312232,13,5178,0,40
CLI1616,>50K,42,209752,15,0,0,55
CLI1617,>50K,37,191841,13,8614,0,40
CLI1618,<=50K,28,129460,6,0,2238,35
CLI1619,<=50K,26,515025,6,0,0,40
CLI1620,<=50K,37,217689,10,0,0,32
CLI1621,>50K,40,121772,11,0,0,40
CLI1622,<=50K,35,452283,9,0,0,40
CLI1623,<=50K,18,97963,9,0,0,30
CLI1624,<=50K,35,56201,10,0,0,40
CLI1625,<=50K,42,207392,9,0,0,12
CLI1626,<=50K,19,391329,10,0,0,30
CLI1627,<=50K,33,35309,13,0,0,40
CLI1628,<=50K,18,183315,7,0,0,10
CLI1629,<=50K,23,178818,9,0,0,40
CLI1630,>50K,42,54202,13,10520,0,50
CLI1631,>50K,36,58343,13,3103,0,42
CLI1632,<=50K,44,192771,9,0,0,40
CLI1633,>50K,40,107306,13,0,0,40
CLI1634,>50K,61,95450,13,5178,0,50
CLI1635,<=50K,21,180339,10,0,0,45
CLI1636,>50K,63,189253,10,0,0,45
CLI1637,<=50K,39,316582,14,0,0,55
CLI1638,<=50K,47,330416,10,0,0,60
CLI1639,<=50K,59,186308,14,0,0,50
CLI1640,<=50K,57,145189,10,0,0,40
CLI1641,<=50K,41,254440,11,0,0,60
CLI1642,<=50K,24,91999,12,0,0,20
CLI1643,<=50K,21,82497,10,0,0,30
CLI1644,<=50K,36,250238,2,0,0,40
CLI1645,<=50K,47,161558,6,0,0,45
CLI1646,<=50K,26,125680,13,0,0,16
CLI1647,>50K,59,175689,10,0,0,14
CLI1648,<=50K,43,180609,13,0,0,45
CLI1649,>50K,49,105586,11,0,0,40
CLI1650,<=50K,68,198554,10,0,0,20
CLI1651,<=50K,41,299813,5,0,0,70
CLI1652,<=50K,43,277488,9,0,0,30
CLI1653,<=50K,57,165922,9,0,0,50
CLI1654,<=50K,32,176185,10,0,0,60
CLI1655,<=50K,48,117849,10,0,0,40
CLI1656,<=50K,31,386331,9,0,0,50
CLI1657,<=50K,23,449101,9,0,0,30
CLI1658,<=50K,23,350680,12,0,0,40
CLI1659,<=50K,45,213140,6,2829,0,40
CLI1660,<=50K,44,262241,9,0,0,40
CLI1661,<=50K,22,192455,9,0,0,40
CLI1662,<=50K,37,183345,11,0,0,45
CLI1663,<=50K,52,181755,9,0,0,40
CLI1664,>50K,43,293305,13,0,1887,40
CLI1665,<=50K,52,82285,13,0,0,40
CLI1666,>50K,49,110373,10,0,0,40
CLI1667,<=50K,37,24342,10,0,0,38
CLI1668,<=50K,26,273399,10,0,0,40
CLI1669,<=50K,51,209912,13,0,0,50
CLI1670,<=50K,18,205218,7,0,0,20
CLI1671,<=50K,23,306868,13,0,0,40
CLI1672,<=50K,52,29658,9,0,0,40
CLI1673,<=50K,22,161532,10,0,0,35
CLI1674,>50K,32,118551,13,0,0,35
CLI1675,>50K,45,420986,13,0,0,40
CLI1676,<=50K,29,107458,9,0,0,40
CLI1677,<=50K,19,106273,10,0,0,38
CLI1678,>50K,45,339863,13,8614,0,48
CLI1679,<=50K,34,184147,9,0,0,20
CLI1680,<=50K,47,192984,10,0,0,40
CLI1681,<=50K,65,173674,9,0,0,14
CLI1682,<=50K,44,228057,9,0,0,40
CLI1683,<=50K,41,343944,7,0,0,40
CLI1684,<=50K,62,132917,10,0,0,20
CLI1685,<=50K,42,142756,13,0,0,50
CLI1686,<=50K,37,315291,13,0,0,40
CLI1687,<=50K,40,390369,9,0,0,40
CLI1688,<=50K,24,215712,10,0,0,35
CLI1689,<=50K,21,163911,10,0,0,3
CLI1690,>50K,25,353795,10,3103,0,40
CLI1691,<=50K,37,404661,10,0,0,40
CLI1692,<=50K,20,140764,10,0,0,20
CLI1693,>50K,68,128472,16,0,0,55
CLI1694,<=50K,30,290677,14,0,0,20
CLI1695,<=50K,26,287420,13,0,0,60
CLI1696,<=50K,31,149507,11,3464,0,38
CLI1697,<=50K,51,120914,4,2961,0,40
CLI1698,<=50K,47,222529,13,0,0,65
CLI1699,<=50K,38,31053,9,0,0,40
CLI1700,<=50K,44,115411,10,0,0,40
CLI1701,<=50K,58,78634,7,0,0,60
CLI1702,<=50K,58,37591,13,0,0,40
CLI1703,<=50K,39,191161,10,0,0,40
CLI1704,<=50K,38,58972,9,0,0,50
CLI1705,<=50K,48,326048,12,0,0,44
CLI1706,<=50K,56,222182,9,0,0,45
CLI1707,<=50K,36,79649,10,0,0,40
CLI1708,>50K,31,185480,9,0,0,40
CLI1709,>50K,53,89534,9,0,0,48
CLI1710,>50K,38,275223,10,7298,0,40
CLI1711,<=50K,31,329301,9,0,0,55
CLI1712,<=50K,19,118352,10,0,0,16
CLI1713,<=50K,21,105312,9,0,0,20
CLI1714,<=50K,55,249072,9,0,0,60
CLI1715,>50K,40,286370,4,0,0,40
CLI1716,<=50K,66,212759,13,6767,0,20
CLI1717,<=50K,21,149224,10,0,0,30
CLI1718,<=50K,35,509462,13,0,0,45
CLI1719,<=50K,24,102942,10,0,0,50
CLI1720,<=50K,21,315303,10,0,0,20
CLI1721,<=50K,54,108960,7,0,0,40
CLI1722,<=50K,42,105804,7,0,0,40
CLI1723,<=50K,61,101265,10,0,0,43
CLI1724,<=50K,29,185647,10,0,0,60
CLI1725,<=50K,58,322013,9,0,0,40
CLI1726,<=50K,48,219962,11,0,0,40
CLI1727,<=50K,29,59732,9,0,0,40
CLI1728,<=50K,27,284741,10,0,0,30
CLI1729,<=50K,42,444134,9,0,0,15
CLI1730,>50K,31,350651,8,0,0,40
CLI1731,<=50K,19,344414,10,0,0,40
CLI1732,<=50K,35,301862,9,0,0,40
CLI1733,<=50K,44,261497,9,0,0,40
CLI1734,>50K,32,204742,13,0,0,40
CLI1735,<=50K,43,50197,6,0,0,40
CLI1736,<=50K,30,426017,7,0,0,19
CLI1737,<=50K,61,129246,6,0,0,48
CLI1738,<=50K,25,288185,5,0,0,40
CLI1739,<=50K,21,228649,10,0,0,20
CLI1740,<=50K,51,134808,9,0,0,40
CLI1741,<=50K,67,209137,13,0,0,40
CLI1742,<=50K,38,123031,9,0,0,48
CLI1743,<=50K,54,172281,9,0,2051,50
CLI1744,>50K,31,209101,15,0,0,25
CLI1745,<=50K,33,195576,9,4386,0,60
CLI1746,<=50K,50,65160,13,0,0,40
CLI1747,<=50K,44,220563,10,0,0,40
CLI1748,<=50K,29,119429,9,0,0,40
CLI1749,<=50K,49,94638,9,0,0,40
CLI1750,<=50K,49,297884,9,4064,0,50
CLI1751,>50K,35,99146,9,0,0,50
CLI1752,>50K,42,288154,10,0,0,89
CLI1753,>50K,37,271767,14,0,0,45
CLI1754,>50K,43,506329,13,15024,0,40
CLI1755,<=50K,31,197689,9,0,0,38
CLI1756,>50K,55,206487,10,0,0,40
CLI1757,<=50K,58,116901,9,0,0,25
CLI1758,<=50K,46,213408,10,0,0,40
CLI1759,<=50K,43,245487,9,0,0,40
CLI1760,<=50K,32,211751,11,0,0,40
CLI1761,<=50K,37,186191,9,0,0,45
CLI1762,>50K,32,101352,10,0,0,32
CLI1763,<=50K,34,122116,10,0,0,40
CLI1764,<=50K,30,278502,9,0,0,62
CLI1765,<=50K,19,318264,10,0,0,30
CLI1766,<=50K,40,141583,10,0,0,35
CLI1767,<=50K,54,249860,7,0,0,10
CLI1768,<=50K,51,102904,9,0,0,43
CLI1769,<=50K,24,341294,9,0,0,40
CLI1770,<=50K,26,369166,10,0,0,65
CLI1771,<=50K,17,250541,6,0,0,20
CLI1772,<=50K,25,245628,10,0,0,15
CLI1773,>50K,38,107909,13,0,0,40
CLI1774,>50K,56,282023,14,0,0,40
CLI1775,<=50K,21,155818,9,0,0,20
CLI1776,<=50K,56,175127,9,0,0,35
CLI1777,>50K,38,200904,13,0,0,30
CLI1778,<=50K,26,94392,7,0,0,20
CLI1779,<=50K,26,167106,9,0,0,40
CLI1780,<=50K,33,272411,13,0,0,40
CLI1781,<=50K,68,124686,4,0,0,10
CLI1782,<=50K,28,169069,9,0,0,40
CLI1783,<=50K,43,227298,13,0,0,45
CLI1784,<=50K,22,134192,10,0,0,10
CLI1785,<=50K,58,216824,9,0,0,30
CLI1786,<=50K,54,54377,14,0,0,40
CLI1787,<=50K,20,164922,9,0,0,40
CLI1788,<=50K,41,317539,10,0,0,40
CLI1789,<=50K,42,263608,10,0,0,40
CLI1790,>50K,46,375675,8,0,0,35
CLI1791,<=50K,28,293926,9,0,1740,30
CLI1792,<=50K,39,194668,9,0,0,16
CLI1793,>50K,47,124973,11,15024,0,50
CLI1794,<=50K,24,34246,13,0,0,40
CLI1795,<=50K,39,211785,9,0,0,20
CLI1796,<=50K,31,78602,12,0,0,40
CLI1797,>50K,50,57758,11,0,0,60
CLI1798,<=50K,65,266081,9,0,0,40
CLI1799,<=50K,90,187749,12,0,0,20
CLI1800,<=50K,24,249046,13,0,0,40
CLI1801,>50K,69,185039,9,9386,0,12
CLI1802,<=50K,24,161638,9,0,0,40
CLI1803,<=50K,42,121287,9,0,0,45
CLI1804,<=50K,34,84119,9,0,0,40
CLI1805,<=50K,55,325007,12,0,0,25
CLI1806,<=50K,44,222635,3,0,0,40
CLI1807,<=50K,29,220692,11,0,0,40
CLI1808,<=50K,29,174163,10,0,0,40
CLI1809,<=50K,21,118401,10,0,0,30
CLI1810,<=50K,38,344480,9,4064,0,40
CLI1811,<=50K,53,188772,9,0,0,30
CLI1812,<=50K,29,163167,9,0,0,40
CLI1813,>50K,37,30529,13,0,2415,50
CLI1814,<=50K,23,197613,10,0,0,40
CLI1815,>50K,28,233796,10,7298,0,32
CLI1816,<=50K,25,156334,6,0,0,40
CLI1817,<=50K,20,217421,9,0,0,40
CLI1818,<=50K,20,133515,10,0,0,40
CLI1819,<=50K,65,171584,13,0,0,40
CLI1820,<=50K,43,159449,9,0,0,40
CLI1821,<=50K,63,201631,5,0,0,40
CLI1822,>50K,33,140206,15,0,0,40
CLI1823,<=50K,25,308144,13,0,0,40
CLI1824,<=50K,24,291355,10,0,0,60
CLI1825,>50K,56,247337,13,0,0,50
CLI1826,>50K,49,81973,10,0,0,40
CLI1827,<=50K,30,185177,7,0,0,49
CLI1828,<=50K,56,242670,10,0,0,40
CLI1829,<=50K,45,160440,9,0,0,42
CLI1830,>50K,42,258589,9,0,0,60
CLI1831,<=50K,31,48189,9,0,0,45
CLI1832,>50K,29,490332,10,0,0,45
CLI1833,<=50K,36,215392,13,0,0,40
CLI1834,<=50K,60,153072,9,0,0,5
CLI1835,>50K,59,98361,10,0,0,40
CLI1836,<=50K,53,215990,10,0,0,35
CLI1837,<=50K,23,185575,13,0,0,40
CLI1838,<=50K,44,83508,15,2354,0,99
CLI1839,<=50K,62,194167,9,2174,0,40
CLI1840,<=50K,56,184598,5,0,0,99
CLI1841,>50K,33,176992,14,0,0,40
CLI1842,<=50K,25,282631,9,0,0,40
CLI1843,<=50K,40,301007,13,0,0,60
CLI1844,<=50K,61,220342,4,0,0,30
CLI1845,<=50K,26,127202,9,0,0,40
CLI1846,<=50K,54,279881,11,0,0,40
CLI1847,<=50K,46,357338,13,0,0,40
CLI1848,<=50K,32,171111,13,0,0,37
CLI1849,<=50K,57,226875,4,0,0,50
CLI1850,<=50K,32,210926,7,0,0,40
CLI1851,>50K,36,184456,15,27828,0,50
CLI1852,<=50K,41,180096,13,0,0,35
CLI1853,<=50K,23,200677,6,0,0,40
CLI1854,<=50K,55,189933,9,0,0,45
CLI1855,<=50K,29,106972,14,0,0,35
CLI1856,<=50K,44,151504,10,0,0,50
CLI1857,<=50K,46,112320,13,0,0,50
CLI1858,<=50K,47,93208,9,0,0,75
CLI1859,>50K,50,158680,14,0,0,50
CLI1860,<=50K,88,187097,15,0,0,40
CLI1861,<=50K,63,64448,9,0,0,40
CLI1862,>50K,50,184424,10,0,1902,38
CLI1863,>50K,31,279015,14,0,2415,70
CLI1864,>50K,34,213226,13,0,0,65
CLI1865,>50K,52,254285,16,0,1887,70
CLI1866,<=50K,42,102085,9,0,0,15
CLI1867,<=50K,23,121471,13,0,0,40
CLI1868,>50K,53,177647,9,0,0,40
CLI1869,<=50K,25,267012,11,0,0,45
CLI1870,<=50K,42,195821,9,0,0,40
CLI1871,<=50K,45,256649,9,0,0,40
CLI1872,>50K,48,158924,9,0,0,40
CLI1873,<=50K,30,101266,9,0,0,40
CLI1874,<=50K,20,66917,7,0,0,40
CLI1875,<=50K,40,34987,13,0,0,53
CLI1876,<=50K,35,194828,10,0,0,40
CLI1877,<=50K,20,320047,6,0,0,40
CLI1878,<=50K,62,88579,9,0,0,38
CLI1879,>50K,38,242080,10,0,0,55
CLI1880,>50K,51,183173,9,0,0,40
CLI1881,<=50K,21,221661,9,0,0,35
CLI1882,<=50K,20,270517,9,0,0,40
CLI1883,<=50K,27,129528,10,0,0,40
CLI1884,<=50K,36,247600,12,0,0,40
CLI1885,>50K,45,117409,10,0,0,40
CLI1886,>50K,43,191196,10,0,0,55
CLI1887,<=50K,27,288341,9,0,0,32
CLI1888,<=50K,39,185099,9,0,0,40
CLI1889,<=50K,30,214063,10,0,0,72
CLI1890,>50K,38,207202,9,0,0,48
CLI1891,>50K,39,132879,13,0,1887,40
CLI1892,<=50K,20,201204,9,0,0,40
CLI1893,>50K,35,90273,4,0,0,40
CLI1894,<=50K,30,337908,12,0,0,20
CLI1895,<=50K,33,159574,4,0,0,45
CLI1896,<=50K,29,161478,13,0,0,40
CLI1897,<=50K,45,367037,9,0,0,40
CLI1898,<=50K,31,332379,9,0,0,40
CLI1899,<=50K,20,199268,10,0,0,20
CLI1900,<=50K,56,103948,7,0,0,40
CLI1901,<=50K,28,291374,8,0,0,40
CLI1902,>50K,47,98012,14,7688,0,40
CLI1903,<=50K,35,207568,4,0,0,75
CLI1904,<=50K,38,182609,13,0,0,50
CLI1905,<=50K,41,57233,13,0,0,40
CLI1906,<=50K,30,345122,15,0,0,50
CLI1907,<=50K,44,111275,9,0,0,38
CLI1908,<=50K,29,160786,9,0,0,55
CLI1909,<=50K,52,146579,9,0,0,40
CLI1910,<=50K,39,103710,9,0,0,60
CLI1911,<=50K,66,185336,9,0,0,35
CLI1912,<=50K,19,129620,6,0,0,30
CLI1913,<=50K,33,184306,9,0,0,30
CLI1914,<=50K,49,157569,9,0,0,40
CLI1915,>50K,57,225334,15,15024,0,35
CLI1916,>50K,40,111483,14,0,0,50
CLI1917,<=50K,47,149116,14,0,0,50
CLI1918,>50K,40,30682,9,0,0,45
CLI1919,>50K,43,137126,10,0,0,40
CLI1920,<=50K,54,365049,10,0,0,40
CLI1921,>50K,44,149943,15,0,0,60
CLI1922,<=50K,30,370990,14,0,0,40
CLI1923,<=50K,19,375114,9,0,0,40
CLI1924,>50K,54,86837,9,0,1902,40
CLI1925,<=50K,28,134890,13,0,0,40
CLI1926,<=50K,51,191965,9,0,0,32
CLI1927,<=50K,23,115244,13,0,0,60
CLI1928,<=50K,24,326587,10,0,0,40
CLI1929,<=50K,25,160261,13,0,0,35
CLI1930,>50K,47,102583,9,0,0,30
CLI1931,<=50K,24,27939,10,0,0,24
CLI1932,<=50K,38,200153,9,0,0,60
CLI1933,<=50K,27,259840,13,0,0,45
CLI1934,>50K,32,316589,13,0,0,40
CLI1935,<=50K,44,187322,13,0,0,40
CLI1936,<=50K,23,140462,9,0,0,40
CLI1937,<=50K,48,192779,10,0,0,40
CLI1938,<=50K,28,177119,14,0,0,80
CLI1939,<=50K,67,127543,6,2414,0,80
CLI1940,<=50K,18,152545,9,0,0,8
CLI1941,<=50K,32,34104,10,0,0,40
CLI1942,<=50K,55,132887,9,3411,0,40
CLI1943,<=50K,35,29874,10,0,0,40
CLI1944,<=50K,36,111387,6,0,0,40
CLI1945,<=50K,20,406641,10,0,0,35
CLI1946,<=50K,37,393360,10,0,0,30
CLI1947,<=50K,65,299494,7,1797,0,40
CLI1948,<=50K,31,357145,16,0,0,48
CLI1949,<=50K,46,94809,10,0,0,30
CLI1950,<=50K,36,250791,9,0,0,48
CLI1951,<=50K,47,104068,9,0,0,40
CLI1952,<=50K,20,528616,3,0,0,40
CLI1953,<=50K,18,147612,9,0,0,8
CLI1954,<=50K,19,291509,8,0,0,28
CLI1955,<=50K,28,35032,13,0,0,50
CLI1956,>50K,43,35662,16,0,0,70
CLI1957,<=50K,53,188644,1,0,0,40
CLI1958,<=50K,32,184833,6,0,0,40
CLI1959,<=50K,35,171327,9,0,0,40
CLI1960,<=50K,47,229394,7,0,0,55
CLI1961,<=50K,46,107231,10,0,1740,40
CLI1962,>50K,41,29762,9,0,0,52
CLI1963,<=50K,21,231053,9,0,0,30
CLI1964,<=50K,24,275093,9,0,0,36
CLI1965,>50K,48,219021,15,0,0,35
CLI1966,<=50K,34,193565,7,0,0,40
CLI1967,>50K,38,54816,11,0,0,40
CLI1968,>50K,51,28765,15,0,0,60
CLI1969,>50K,34,142897,14,7298,0,35
CLI1970,>50K,48,173243,16,0,0,45
CLI1971,>50K,32,222205,10,0,0,40
CLI1972,<=50K,17,47771,7,0,0,20
CLI1973,<=50K,60,199085,6,0,0,40
CLI1974,<=50K,23,215616,9,0,0,40
CLI1975,<=50K,32,207113,6,0,0,40
CLI1976,<=50K,33,125249,9,0,0,40
CLI1977,<=50K,78,33186,4,0,0,60
CLI1978,<=50K,23,181820,10,0,0,40
CLI1979,<=50K,26,203492,9,0,0,40
CLI1980,<=50K,20,181370,10,0,0,40
CLI1981,<=50K,32,141410,9,0,0,40
CLI1982,>50K,40,146908,9,0,1902,40
CLI1983,<=50K,23,283499,9,0,0,40
CLI1984,<=50K,73,247355,9,0,0,16
CLI1985,<=50K,61,154600,9,0,0,4
CLI1986,<=50K,44,208277,9,0,0,45
CLI1987,<=50K,38,36989,13,3908,0,70
CLI1988,>50K,28,167336,9,0,0,45
CLI1989,>50K,57,42298,14,15024,0,40
CLI1990,<=50K,55,194290,9,0,0,40
CLI1991,<=50K,32,188246,9,0,0,40
CLI1992,>50K,38,261241,10,0,0,45
CLI1993,>50K,31,172304,10,0,0,50
CLI1994,>50K,47,123219,14,0,0,38
CLI1995,>50K,40,240504,13,0,0,45
CLI1996,<=50K,69,165017,9,2538,0,40
CLI1997,<=50K,30,246439,10,0,0,40
CLI1998,<=50K,23,178272,13,0,0,40
CLI1999,<=50K,45,270842,10,0,0,40
CLI2000,<=50K,49,169042,9,0,625,40
CLI2001,<=50K,41,165798,3,0,0,40
CLI2002,<=50K,31,331126,13,0,0,48
CLI2003,>50K,41,19914,13,0,0,40
CLI2004,<=50K,39,91996,9,0,0,40
CLI2005,<=50K,54,145419,9,0,1672,50
CLI2006,<=50K,42,262425,10,0,0,50
CLI2007,>50K,37,198841,11,0,0,40
CLI2008,>50K,32,127610,13,0,1902,32
CLI2009,<=50K,27,161087,9,0,0,40
CLI2010,<=50K,31,201292,9,0,0,40
CLI2011,<=50K,35,334999,9,0,0,45
CLI2012,<=50K,44,268098,8,0,0,36
CLI2013,<=50K,36,405644,9,0,0,35
CLI2014,<=50K,26,242651,10,0,0,48
CLI2015,<=50K,46,24728,9,0,0,48
CLI2016,<=50K,37,126743,2,0,0,53
CLI2017,<=50K,37,191342,2,0,0,40
CLI2018,>50K,40,141649,11,0,0,40
CLI2019,<=50K,54,257765,4,0,0,40
CLI2020,<=50K,40,184857,9,0,0,40
CLI2021,<=50K,79,103684,9,0,0,40
CLI2022,>50K,60,106118,9,0,0,70
CLI2023,<=50K,26,122206,9,0,0,40
CLI2024,<=50K,40,109969,7,0,0,20
CLI2025,<=50K,63,267101,13,0,0,60
CLI2026,>50K,41,125461,10,0,0,40
CLI2027,<=50K,40,235371,11,0,0,40
CLI2028,>50K,25,169905,11,27828,0,40
CLI2029,<=50K,77,147284,9,0,0,14
CLI2030,<=50K,65,174904,9,0,0,40
CLI2031,<=50K,28,327533,9,3908,0,40
CLI2032,<=50K,29,200511,13,0,0,50
CLI2033,<=50K,58,202652,9,0,0,37
CLI2034,<=50K,50,30682,14,0,0,50
CLI2035,>50K,60,85995,14,0,0,50
CLI2036,>50K,47,131002,13,0,0,50
CLI2037,<=50K,31,113667,9,0,0,25
CLI2038,<=50K,25,512771,5,0,0,45
CLI2039,<=50K,31,409622,13,0,0,36
CLI2040,<=50K,64,69525,9,0,0,20
CLI2041,<=50K,41,88368,9,0,0,50
CLI2042,>50K,58,239523,9,0,0,45
CLI2043,<=50K,43,122749,9,0,0,55
CLI2044,<=50K,42,317078,9,0,0,40
CLI2045,>50K,48,265295,13,0,0,40
CLI2046,<=50K,33,236396,9,0,0,35
CLI2047,<=50K,33,142383,12,0,0,36
CLI2048,<=50K,67,179285,13,0,0,30
CLI2049,<=50K,38,188612,10,0,0,45
CLI2050,>50K,41,57924,10,7688,0,50
CLI2051,>50K,47,119199,10,0,0,35
CLI2052,<=50K,59,120617,9,0,0,40
CLI2053,<=50K,21,275421,10,0,0,40
CLI2054,<=50K,28,142764,9,0,0,48
CLI2055,<=50K,21,212114,10,0,0,8
CLI2056,>50K,44,173704,13,0,0,40
CLI2057,>50K,42,276218,9,0,0,40
CLI2058,>50K,36,128516,9,0,0,40
CLI2059,<=50K,26,35917,10,0,0,50
CLI2060,>50K,44,188808,11,0,0,40
CLI2061,<=50K,22,167868,9,0,0,30
CLI2062,>50K,51,120173,11,3103,0,50
CLI2063,<=50K,69,143849,7,0,0,20
CLI2064,<=50K,64,342494,9,0,0,40
CLI2065,<=50K,28,98010,10,0,0,40
CLI2066,<=50K,25,50053,9,0,0,40
CLI2067,>50K,36,166549,13,0,0,55
CLI2068,<=50K,60,210064,9,0,0,40
CLI2069,<=50K,31,225053,9,0,0,45
CLI2070,<=50K,29,178649,9,0,0,20
CLI2071,<=50K,42,125461,13,4650,0,35
CLI2072,<=50K,55,52953,9,0,0,40
CLI2073,<=50K,62,54878,9,0,0,25
CLI2074,>50K,37,151835,15,0,0,45
CLI2075,<=50K,29,105598,10,0,0,58
CLI2076,<=50K,31,397467,9,0,0,40
CLI2077,<=50K,33,249716,9,0,0,45
CLI2078,<=50K,38,229180,13,0,0,40
CLI2079,<=50K,42,184682,12,0,0,40
CLI2080,<=50K,53,88506,13,0,0,40
CLI2081,>50K,51,138847,13,0,0,40
CLI2082,<=50K,22,223515,13,0,0,20
CLI2083,<=50K,32,113838,10,0,0,99
CLI2084,<=50K,37,144322,11,0,0,43
CLI2085,<=50K,74,209454,3,0,0,40
CLI2086,<=50K,50,184007,10,0,0,40
CLI2087,<=50K,75,239038,10,0,0,16
CLI2088,<=50K,31,259705,9,0,0,40
CLI2089,>50K,46,125892,10,0,0,40
CLI2090,<=50K,20,36235,12,0,0,40
CLI2091,<=50K,26,128553,10,0,0,40
CLI2092,<=50K,39,189623,13,0,0,60
CLI2093,>50K,45,210364,9,15024,0,80
CLI2094,>50K,34,177675,10,0,0,50
CLI2095,<=50K,38,201454,10,0,0,40
CLI2096,<=50K,24,51973,13,0,0,20
CLI2097,<=50K,57,188330,9,0,0,78
CLI2098,<=50K,21,212780,8,0,0,20
CLI2099,>50K,40,153238,13,0,1902,32
CLI2100,<=50K,43,133584,9,0,0,40
CLI2101,<=50K,45,179135,9,0,0,40
CLI2102,<=50K,45,263982,10,0,0,40
CLI2103,<=50K,68,116903,11,0,2149,40
CLI2104,<=50K,33,279524,9,0,0,40
CLI2105,<=50K,45,175925,9,0,0,40
CLI2106,<=50K,47,186805,9,0,0,35
CLI2107,<=50K,30,340899,15,0,1590,80
CLI2108,<=50K,22,190483,10,0,0,48
CLI2109,<=50K,44,195881,10,0,0,45
CLI2110,<=50K,24,698418,10,0,0,25
CLI2111,<=50K,24,99970,13,0,0,40
CLI2112,<=50K,22,141297,10,0,0,40
CLI2113,>50K,59,354037,15,15024,0,50
CLI2114,<=50K,61,201965,9,0,0,40
CLI2115,>50K,38,107302,10,0,0,60
CLI2116,>50K,70,148065,10,0,0,4
CLI2117,<=50K,21,249957,9,0,0,40
CLI2118,<=50K,55,190508,10,0,0,35
CLI2119,<=50K,44,162028,7,0,0,44
CLI2120,>50K,47,36169,14,0,0,60
CLI2121,<=50K,31,29152,8,0,0,40
CLI2122,<=50K,78,184759,4,1797,0,15
CLI2123,<=50K,50,257933,10,0,0,40
CLI2124,<=50K,23,381741,12,0,1721,20
CLI2125,<=50K,60,160339,10,0,0,40
CLI2126,<=50K,64,192695,3,0,0,70
CLI2127,<=50K,67,36876,9,0,0,55
CLI2128,<=50K,38,65466,13,0,0,50
CLI2129,<=50K,23,275818,10,0,1974,40
CLI2130,<=50K,57,24127,13,0,0,8
CLI2131,<=50K,19,165289,10,0,0,40
CLI2132,>50K,43,145441,13,0,0,38
CLI2133,<=50K,19,52114,10,0,0,10
CLI2134,<=50K,48,229846,11,0,0,40
CLI2135,<=50K,61,210464,9,0,0,35
CLI2136,<=50K,30,191571,9,0,0,36
CLI2137,<=50K,44,171424,10,0,2205,35
CLI2138,<=50K,33,124052,9,0,0,40
CLI2139,<=50K,48,240629,9,0,0,65
CLI2140,<=50K,27,131298,6,0,0,48
CLI2141,<=50K,19,86150,7,0,0,19
CLI2142,<=50K,50,260579,9,0,0,40
CLI2143,<=50K,20,194630,9,0,0,40
CLI2144,>50K,40,216237,13,0,0,45
CLI2145,<=50K,60,308608,9,0,0,50
CLI2146,<=50K,65,144822,5,0,0,45
CLI2147,<=50K,18,200047,8,0,0,35
CLI2148,<=50K,20,181032,10,0,0,40
CLI2149,<=50K,56,104996,9,0,0,40
CLI2150,>50K,39,167728,13,0,0,40
CLI2151,<=50K,22,298489,10,0,0,40
CLI2152,<=50K,19,430471,7,0,0,40
CLI2153,<=50K,34,127195,10,0,0,40
CLI2154,<=50K,23,117789,13,0,0,40
CLI2155,>50K,38,247111,9,0,0,40
CLI2156,<=50K,40,271393,12,0,0,40
CLI2157,>50K,50,48358,9,7688,0,40
CLI2158,<=50K,31,87950,11,0,0,40
CLI2159,<=50K,34,532379,10,0,0,40
CLI2160,>50K,51,172962,16,0,0,40
CLI2161,<=50K,36,188834,9,0,0,40
CLI2162,<=50K,25,224361,9,0,0,40
CLI2163,<=50K,19,530454,9,0,0,50
CLI2164,<=50K,33,226629,10,0,0,35
CLI2165,<=50K,63,111963,10,0,0,16
CLI2166,<=50K,42,367049,14,4650,0,40
CLI2167,<=50K,51,249339,9,0,0,40
CLI2168,<=50K,22,32921,10,0,0,20
CLI2169,<=50K,21,190761,6,0,0,70
CLI2170,<=50K,46,253116,13,0,0,40
CLI2171,<=50K,54,197481,10,0,0,40
CLI2172,<=50K,17,170320,7,0,0,8
CLI2173,<=50K,57,35884,9,0,0,40
CLI2174,<=50K,27,188519,9,0,0,40
CLI2175,<=50K,44,164043,9,0,0,40
CLI2176,<=50K,58,53481,14,0,0,35
CLI2177,>50K,53,22978,14,0,0,50
CLI2178,<=50K,64,223830,5,0,0,38
CLI2179,<=50K,48,49278,12,0,0,40
CLI2180,<=50K,51,49017,9,0,0,24
CLI2181,<=50K,52,195635,9,0,2051,38
CLI2182,<=50K,66,31362,10,0,0,20
CLI2183,>50K,37,202683,10,0,0,48
CLI2184,<=50K,41,252058,13,0,0,40
CLI2185,<=50K,17,369909,6,0,0,20
CLI2186,<=50K,28,149734,9,0,0,52
CLI2187,<=50K,43,248094,9,0,0,40
CLI2188,<=50K,52,176134,9,0,0,48
CLI2189,>50K,48,184513,13,0,0,80
CLI2190,<=50K,25,182771,10,0,0,40
CLI2191,>50K,60,116707,10,7298,0,40
CLI2192,<=50K,60,168223,13,0,0,30
CLI2193,>50K,66,186324,13,0,0,5
CLI2194,>50K,33,182556,13,0,0,40
CLI2195,<=50K,75,35724,9,0,0,8
CLI2196,<=50K,24,109307,9,0,0,45
CLI2197,<=50K,32,227160,10,0,0,40
CLI2198,<=50K,43,238530,9,0,0,40
CLI2199,<=50K,47,126204,10,0,0,40
CLI2200,<=50K,33,159322,9,0,0,40
CLI2201,>50K,62,140851,9,0,0,40
CLI2202,<=50K,20,34568,9,3781,0,35
CLI2203,<=50K,41,134130,9,0,0,60
CLI2204,>50K,45,155489,10,0,0,60
CLI2205,<=50K,61,168654,9,0,0,40
CLI2206,<=50K,44,116632,12,0,0,40
CLI2207,<=50K,35,46028,12,0,0,50
CLI2208,>50K,58,331474,9,0,0,20
CLI2209,>50K,38,245372,13,7688,0,45
CLI2210,<=50K,28,209641,9,0,0,32
CLI2211,<=50K,27,141545,9,0,1902,45
CLI2212,<=50K,40,111020,9,0,0,40
CLI2213,<=50K,18,334427,6,0,0,36
CLI2214,<=50K,31,56510,10,0,0,40
CLI2215,<=50K,24,83141,13,0,0,40
CLI2216,<=50K,19,38619,7,0,0,10
CLI2217,<=50K,24,137591,10,0,1762,40
CLI2218,<=50K,53,191025,10,0,0,43
CLI2219,<=50K,25,326370,10,0,0,38
CLI2220,>50K,46,216999,13,0,0,55
CLI2221,<=50K,48,118889,9,2885,0,15
CLI2222,<=50K,27,41099,10,0,0,50
CLI2223,<=50K,20,174063,10,0,0,40
CLI2224,<=50K,34,133861,9,0,0,25
CLI2225,<=50K,24,38151,10,0,0,12
CLI2226,<=50K,68,214521,15,0,0,16
CLI2227,<=50K,31,236861,9,0,0,60
CLI2228,<=50K,36,206521,9,0,0,40
CLI2229,<=50K,49,79627,10,0,0,40
CLI2230,>50K,36,107302,14,0,0,60
CLI2231,>50K,31,104509,13,0,0,65
CLI2232,<=50K,65,316093,15,0,1668,40
CLI2233,<=50K,42,242564,4,0,2205,40
CLI2234,>50K,37,49115,14,0,0,60
CLI2235,>50K,57,37345,15,0,0,36
CLI2236,<=50K,30,208068,9,0,0,40
CLI2237,>50K,31,178623,13,14084,0,60
CLI2238,<=50K,21,56582,10,0,0,10
CLI2239,<=50K,27,220748,9,0,0,48
CLI2240,<=50K,32,164507,9,0,0,40
CLI2241,<=50K,27,80165,10,0,0,20
CLI2242,>50K,33,94235,15,0,0,42
CLI2243,>50K,49,54772,9,3103,0,45
CLI2244,<=50K,26,152035,9,0,0,40
CLI2245,<=50K,24,103064,9,0,0,55
CLI2246,<=50K,33,118500,10,0,0,40
CLI2247,<=50K,54,108933,9,0,0,35
CLI2248,<=50K,18,282394,10,0,0,21
CLI2249,<=50K,20,390817,3,0,0,25
CLI2250,<=50K,45,101656,6,0,0,40
CLI2251,<=50K,29,370242,10,0,0,40
CLI2252,<=50K,47,45857,9,0,0,40
CLI2253,>50K,45,160724,13,0,0,45
CLI2254,<=50K,50,189183,9,0,0,40
CLI2255,<=50K,22,51985,10,0,0,30
CLI2256,<=50K,27,249463,11,0,0,20
CLI2257,<=50K,33,251521,13,0,0,50
CLI2258,<=50K,36,745768,10,0,0,40
CLI2259,<=50K,64,159938,9,2635,0,24
CLI2260,<=50K,23,455361,9,0,0,40
CLI2261,<=50K,38,54953,10,0,0,38
CLI2262,>50K,41,163287,9,7688,0,43
CLI2263,<=50K,39,163278,10,2202,0,44
CLI2264,<=50K,46,164733,14,0,0,41
CLI2265,<=50K,36,136028,5,0,0,30
CLI2266,<=50K,33,190027,9,0,0,20
CLI2267,<=50K,67,105216,10,0,0,16
CLI2268,<=50K,25,114838,15,0,0,8
CLI2269,<=50K,55,276229,10,0,0,40
CLI2270,<=50K,25,335005,10,3137,0,40
CLI2271,<=50K,68,232151,10,2346,0,40
CLI2272,<=50K,40,101272,9,0,0,32
CLI2273,<=50K,23,230315,10,0,0,40
CLI2274,<=50K,24,195808,10,0,0,40
CLI2275,<=50K,33,183612,9,0,0,20
CLI2276,<=50K,25,122745,9,0,1602,40
CLI2277,<=50K,46,155933,13,0,1602,8
CLI2278,<=50K,65,80174,9,1848,0,50
CLI2279,>50K,27,115945,14,0,0,45
CLI2280,<=50K,51,53838,13,0,0,40
CLI2281,<=50K,34,176244,4,0,0,40
CLI2282,<=50K,28,50814,9,0,0,40
CLI2283,>50K,46,102318,10,0,1887,40
CLI2284,<=50K,39,211154,9,0,0,55
CLI2285,<=50K,43,156771,6,0,0,40
CLI2286,<=50K,55,177484,7,0,1672,40
CLI2287,>50K,31,45781,14,14084,0,50
CLI2288,<=50K,20,303565,10,0,0,40
CLI2289,>50K,25,168943,13,0,0,30
CLI2290,>50K,53,79324,9,0,0,40
CLI2291,<=50K,18,174202,9,0,0,60
CLI2292,<=50K,54,292673,2,0,0,35
CLI2293,>50K,32,113364,13,0,0,40
CLI2294,<=50K,42,170649,10,0,0,60
CLI2295,<=50K,37,50837,4,0,0,50
CLI2296,>50K,58,223400,13,0,0,20
CLI2297,<=50K,23,149204,13,0,0,40
CLI2298,<=50K,25,104439,10,0,0,50
CLI2299,<=50K,19,143857,10,0,0,35
CLI2300,<=50K,18,42857,10,0,0,35
CLI2301,<=50K,45,271828,13,0,0,20
CLI2302,<=50K,42,183384,10,0,0,40
CLI2303,<=50K,41,59938,9,0,0,43
CLI2304,<=50K,30,179446,9,0,0,40
CLI2305,>50K,57,222247,8,0,0,40
CLI2306,<=50K,36,118909,12,0,0,40
CLI2307,<=50K,21,147655,9,0,0,35
CLI2308,>50K,35,187053,9,0,0,60
CLI2309,>50K,39,30529,13,0,1887,40
CLI2310,<=50K,30,27207,7,0,0,45
CLI2311,<=50K,20,146706,10,0,0,30
CLI2312,<=50K,19,194095,10,0,0,40
CLI2313,<=50K,45,186256,9,0,0,40
CLI2314,<=50K,22,199426,10,0,0,17
CLI2315,<=50K,22,214399,10,0,0,30
CLI2316,<=50K,62,113440,13,0,0,35
CLI2317,>50K,37,39089,10,3103,0,50
CLI2318,>50K,65,105252,9,0,0,40
CLI2319,<=50K,30,103649,10,0,0,40
CLI2320,>50K,30,115426,13,0,0,40
CLI2321,>50K,50,208630,14,0,0,50
CLI2322,>50K,45,327886,15,0,0,40
CLI2323,<=50K,31,163003,12,0,0,40
CLI2324,<=50K,38,103474,13,0,0,45
CLI2325,<=50K,33,194901,9,0,0,45
CLI2326,<=50K,29,196420,9,0,0,45
CLI2327,>50K,54,71344,14,0,0,50
CLI2328,<=50K,28,45613,10,0,0,40
CLI2329,<=50K,63,86108,9,0,0,6
CLI2330,<=50K,55,177163,14,914,0,50
CLI2331,<=50K,26,166295,13,0,2339,55
CLI2332,<=50K,55,144071,7,0,0,45
CLI2333,<=50K,28,169631,12,0,0,3
CLI2334,<=50K,60,78913,10,0,0,50
CLI2335,>50K,44,170924,10,7298,0,40
CLI2336,>50K,51,276456,12,3103,0,30
CLI2337,>50K,46,212120,11,0,0,40
CLI2338,<=50K,40,176286,9,0,0,40
CLI2339,<=50K,21,164920,10,0,0,40
CLI2340,>50K,51,114927,11,7298,0,40
CLI2341,<=50K,49,200198,9,0,0,40
CLI2342,>50K,27,137629,9,0,0,80
CLI2343,<=50K,45,347834,9,0,0,40
CLI2344,<=50K,31,27494,10,0,0,50
CLI2345,>50K,34,37676,13,0,0,50
CLI2346,<=50K,19,175499,7,0,0,30
CLI2347,>50K,50,104501,9,0,0,40
CLI2348,>50K,39,257942,13,0,0,60
CLI2349,<=50K,42,89942,10,0,0,40
CLI2350,<=50K,24,200593,9,0,0,50
CLI2351,>50K,39,140752,9,0,0,50
CLI2352,>50K,53,197184,14,0,0,70
CLI2353,<=50K,23,72887,9,0,0,1
CLI2354,<=50K,27,291547,13,0,0,6
CLI2355,<=50K,54,263925,2,0,0,50
CLI2356,<=50K,42,173590,10,0,1628,40
CLI2357,>50K,58,349910,15,0,1977,50
CLI2358,>50K,51,337195,10,0,1902,50
CLI2359,<=50K,60,145493,10,0,0,40
CLI2360,<=50K,19,183258,10,0,0,40
CLI2361,<=50K,29,110442,9,0,0,45
CLI2362,<=50K,29,410351,13,0,0,40
CLI2363,<=50K,60,89884,9,0,0,50
CLI2364,>50K,43,35824,14,0,0,40
CLI2365,>50K,72,172407,15,99999,0,50
CLI2366,<=50K,31,175548,9,0,0,35
CLI2367,>50K,38,161463,15,0,0,40
CLI2368,>50K,52,138497,13,0,0,45
CLI2369,<=50K,55,449576,3,0,0,48
CLI2370,>50K,60,259803,13,0,0,45
CLI2371,<=50K,28,124685,10,0,0,55
CLI2372,<=50K,21,197200,10,0,0,40
CLI2373,<=50K,34,183778,9,0,0,40
CLI2374,>50K,42,339671,13,8614,0,45
CLI2375,<=50K,61,203126,13,0,0,12
CLI2376,>50K,51,139347,9,7688,0,40
CLI2377,<=50K,46,39363,10,0,0,10
CLI2378,<=50K,22,107882,9,0,0,20
CLI2379,<=50K,25,503012,3,0,0,40
CLI2380,<=50K,23,209955,9,0,0,40
CLI2381,<=50K,29,87745,10,0,0,60
CLI2382,<=50K,30,399088,10,0,0,45
CLI2383,<=50K,17,170455,7,0,0,8
CLI2384,>50K,57,125000,15,0,0,35
CLI2385,>50K,36,280169,14,0,0,50
CLI2386,<=50K,31,114639,11,0,0,50
CLI2387,<=50K,20,107658,10,0,0,10
CLI2388,<=50K,22,192017,9,0,0,40
CLI2389,<=50K,42,280410,9,0,0,40
CLI2390,<=50K,19,318822,9,0,0,40
CLI2391,<=50K,33,153151,9,4416,0,40
CLI2392,<=50K,33,102884,13,0,0,20
CLI2393,<=50K,21,140764,9,0,0,45
CLI2394,<=50K,29,58115,13,0,0,41
CLI2395,<=50K,27,151402,9,0,1573,70
CLI2396,<=50K,24,34446,10,0,0,37
CLI2397,<=50K,26,43408,13,0,0,40
CLI2398,<=50K,52,189216,9,0,0,65
CLI2399,<=50K,32,194901,9,0,0,40
CLI2400,<=50K,76,329355,9,0,0,13
CLI2401,>50K,39,188391,9,7298,0,50
CLI2402,<=50K,65,143118,9,0,2206,10
CLI2403,<=50K,34,205256,9,2885,0,80
CLI2404,<=50K,78,59583,4,0,0,25
CLI2405,<=50K,63,208862,9,0,0,40
CLI2406,<=50K,30,147430,9,0,0,40
CLI2407,<=50K,27,306747,13,0,0,40
CLI2408,<=50K,19,199484,10,0,0,25
CLI2409,<=50K,43,180138,9,0,0,45
CLI2410,<=50K,30,207668,10,0,0,30
CLI2411,>50K,47,117628,9,0,0,40
CLI2412,<=50K,28,270973,12,0,0,40
CLI2413,<=50K,33,857532,8,0,0,40
CLI2414,<=50K,28,299422,4,0,0,40
CLI2415,<=50K,56,60166,2,0,0,65
CLI2416,<=50K,57,190748,10,0,0,35
CLI2417,<=50K,23,38251,9,0,0,40
CLI2418,<=50K,20,151105,12,0,0,25
CLI2419,<=50K,38,177305,13,0,0,38
CLI2420,<=50K,31,152156,9,0,0,45
CLI2421,<=50K,37,31023,9,0,0,51
CLI2422,<=50K,33,157747,5,0,0,70
CLI2423,>50K,36,112497,5,0,0,50
CLI2424,<=50K,23,169104,12,0,0,16
CLI2425,<=50K,34,271933,14,0,0,50
CLI2426,<=50K,33,83671,9,0,0,40
CLI2427,<=50K,17,186067,6,0,0,10
CLI2428,<=50K,40,140559,9,0,0,25
CLI2429,<=50K,23,213719,12,0,0,36
CLI2430,<=50K,75,30599,14,0,0,50
CLI2431,<=50K,22,180060,9,0,0,40
CLI2432,>50K,38,321943,16,0,0,40
CLI2433,<=50K,37,126738,9,0,0,72
CLI2434,<=50K,33,37939,13,0,0,35
CLI2435,<=50K,32,285131,12,0,0,20
CLI2436,<=50K,35,267966,7,0,0,50
CLI2437,<=50K,17,111332,7,0,0,20
CLI2438,>50K,53,31588,13,0,0,52
CLI2439,<=50K,63,175777,6,0,0,40
CLI2440,<=50K,30,262994,10,0,0,40
CLI2441,>50K,43,109912,13,0,0,7
CLI2442,>50K,29,124680,13,13550,0,35
CLI2443,<=50K,52,312477,9,0,0,40
CLI2444,<=50K,51,167651,9,0,0,40
CLI2445,<=50K,50,175804,9,0,0,48
CLI2446,<=50K,53,139127,9,0,0,40
CLI2447,>50K,53,200190,10,0,0,40
CLI2448,>50K,39,184964,10,0,0,40
CLI2449,>50K,48,184787,4,0,0,50
CLI2450,<=50K,35,264627,7,0,0,84
CLI2451,<=50K,44,248876,13,0,0,50
CLI2452,<=50K,54,175083,9,0,0,20
CLI2453,<=50K,30,112139,9,0,0,40
CLI2454,>50K,54,129432,13,15024,0,40
CLI2455,<=50K,27,116358,10,0,1980,40
CLI2456,>50K,61,113544,14,0,0,40
CLI2457,<=50K,27,190911,9,0,0,45
CLI2458,<=50K,32,206051,10,0,0,35
CLI2459,<=50K,34,106014,10,0,0,60
CLI2460,<=50K,31,50442,10,0,0,32
CLI2461,<=50K,49,46537,9,594,0,10
CLI2462,>50K,53,106176,14,7298,0,60
CLI2463,<=50K,22,218343,9,0,0,40
CLI2464,<=50K,23,129767,10,0,1721,40
CLI2465,<=50K,49,31267,4,0,0,40
CLI2466,<=50K,22,334693,10,0,0,40
CLI2467,<=50K,33,157747,12,0,0,40
CLI2468,>50K,29,90934,13,0,0,64
CLI2469,<=50K,59,212448,9,0,0,40
CLI2470,<=50K,33,159548,10,0,0,38
CLI2471,<=50K,27,151382,4,0,974,40
CLI2472,<=50K,19,224849,9,0,0,35
CLI2473,<=50K,23,343019,6,0,0,40
CLI2474,<=50K,42,115085,9,0,0,50
CLI2475,<=50K,26,38232,13,0,0,50
CLI2476,<=50K,32,143604,6,0,0,37
CLI2477,<=50K,32,43403,10,0,1590,54
CLI2478,>50K,46,238162,12,0,1887,50
CLI2479,<=50K,68,161744,6,0,0,16
CLI2480,>50K,39,139364,13,0,0,35
CLI2481,<=50K,78,136198,13,0,0,15
CLI2482,<=50K,70,315868,13,0,0,40
CLI2483,<=50K,23,199884,9,0,0,45
CLI2484,<=50K,53,220640,13,0,0,20
CLI2485,<=50K,21,170456,12,0,0,15
CLI2486,<=50K,28,188236,10,0,0,40
CLI2487,<=50K,84,127184,3,0,0,20
CLI2488,<=50K,34,426431,13,0,0,40
CLI2489,<=50K,23,235722,10,0,0,20
CLI2490,>50K,54,225307,7,0,0,50
CLI2491,<=50K,27,192936,13,0,0,40
CLI2492,<=50K,53,156612,8,0,0,40
CLI2493,<=50K,57,192258,10,0,0,40
CLI2494,<=50K,17,182070,7,0,0,16
CLI2495,>50K,46,369538,6,0,0,40
CLI2496,>50K,34,141118,14,0,0,60
CLI2497,<=50K,28,294936,13,0,0,45
CLI2498,<=50K,45,59380,13,0,0,55
CLI2499,<=50K,29,274010,10,0,0,45
CLI2500,<=50K,47,204692,9,0,0,40
