TextID,Label,totalWordsCount,FW,JJ,JJR,LS,NN,NNPS,NNS,POS,PRP,PRP$,RBR,RBS,UH,VBD,VBZ,Quotes,questionmarks,exclamationmarks,fullstops,pronouns1st,pronouns2nd,pronouns3rd
Text0001,objective,109,8,0,0,0,0,12,0,1,2,2,0,2,0,0,0,0,0,0,4,0,0,3
Text0002,objective,309,35,0,0,2,1,17,0,7,5,16,0,0,0,7,0,7,0,0,19,1,0,10
Text0003,objective,149,15,0,0,0,1,4,0,4,0,7,0,1,0,2,0,0,0,0,6,0,0,2
Text0004,objective,305,37,1,1,0,2,18,0,6,2,9,0,1,1,12,1,3,0,0,13,0,0,8
Text0005,objective,491,61,0,1,2,1,15,0,7,9,10,0,1,1,5,0,4,0,0,18,0,0,16
Text0006,objective,314,36,2,1,0,1,20,1,10,6,8,0,1,0,13,3,6,1,0,14,0,0,16
Text0007,objective,314,33,0,0,0,3,19,0,4,2,3,0,0,0,5,2,2,0,0,8,3,0,3
Text0008,objective,462,40,0,1,9,1,31,0,20,7,16,0,1,3,16,1,9,0,0,24,2,2,13
Text0009,objective,808,94,2,1,0,7,56,0,23,10,34,0,10,3,23,2,10,0,0,45,1,2,18
Text0011,objective,860,101,3,2,2,2,58,0,15,15,35,1,11,3,17,1,0,0,0,33,0,0,25
Text0012,objective,497,64,2,1,1,11,21,0,11,8,25,0,6,3,9,1,6,0,0,27,0,2,8
Text0013,objective,106,7,0,0,2,0,5,0,6,3,2,0,0,0,0,0,4,0,0,8,0,0,7
Text0014,objective,792,121,4,3,7,4,55,0,9,12,27,0,4,1,16,0,0,0,0,32,0,0,16
Text0016,objective,246,30,0,2,0,0,9,0,6,3,7,0,0,0,3,0,4,0,0,20,0,0,7
Text0017,objective,614,90,4,0,3,5,28,0,8,13,29,0,4,1,9,1,3,0,0,28,0,0,19
Text0018,objective,143,13,0,1,4,0,10,0,0,0,7,0,1,3,2,0,0,0,0,8,0,0,0
Text0019,objective,246,21,2,2,0,1,7,0,11,6,12,0,0,2,8,2,1,0,0,10,0,0,14
Text0020,objective,293,27,0,0,4,0,20,0,3,4,6,0,2,1,4,0,0,0,0,15,5,0,0
Text0021,objective,1367,140,2,9,17,9,70,1,69,29,77,0,5,12,34,3,0,1,0,56,17,9,38
Text0022,objective,845,77,0,3,3,6,60,1,21,18,27,1,10,5,26,1,10,1,0,47,13,0,22
Text0023,objective,112,17,0,1,2,2,9,0,1,1,2,0,0,0,1,0,0,0,0,7,0,0,2
Text0024,objective,204,18,2,0,3,3,8,0,3,5,6,0,0,1,4,2,0,0,0,6,0,0,8
Text0025,objective,177,18,3,1,4,0,7,0,6,3,9,0,3,0,3,0,0,1,0,9,1,1,3
Text0026,objective,253,31,0,0,1,7,19,0,1,3,1,0,1,1,7,1,2,0,0,13,0,0,4
Text0027,objective,1122,127,4,2,13,7,54,1,51,25,55,1,7,8,23,4,0,1,0,45,5,14,41
Text0028,objective,653,64,0,1,1,0,37,0,20,9,31,0,4,0,16,2,11,0,0,37,8,0,11
Text0029,objective,985,116,6,3,5,2,53,0,33,14,37,0,4,2,19,8,13,0,0,49,3,6,22
Text0031,objective,513,52,0,1,6,4,30,2,16,2,28,0,3,1,5,2,0,0,0,26,3,4,5
Text0032,objective,853,96,2,5,3,2,57,0,15,12,17,0,12,13,20,1,2,1,0,35,0,2,16
Text0033,objective,552,68,2,0,1,1,40,0,5,3,18,0,3,1,10,1,9,0,0,21,0,0,8
Text0034,objective,404,49,1,2,5,3,15,0,17,9,19,0,0,3,11,2,7,0,0,17,2,0,21
Text0035,objective,65,8,0,0,0,0,5,0,2,0,0,0,0,0,0,1,0,0,0,3,0,0,2
Text0036,objective,395,53,1,1,0,0,13,0,6,9,16,0,3,2,16,0,5,0,0,18,0,0,14
Text0037,objective,116,7,0,0,1,0,6,0,4,1,4,0,1,0,1,0,8,0,0,10,3,0,1
Text0038,objective,573,77,0,2,1,13,57,0,4,9,17,0,1,2,17,0,6,0,0,27,3,0,10
Text0039,objective,272,19,0,1,5,4,26,0,0,0,4,0,2,2,1,0,2,0,1,10,0,0,0
Text0040,objective,227,25,1,0,2,2,5,0,12,2,10,0,2,0,4,2,5,0,0,11,0,0,12
Text0041,objective,575,57,1,0,9,0,42,1,11,8,35,1,3,1,7,5,1,0,0,24,0,0,16
Text0042,objective,382,47,0,0,4,3,17,0,5,7,16,0,1,2,11,1,8,0,0,14,0,0,10
Text0043,objective,294,23,0,1,1,2,12,0,11,4,11,0,0,2,7,0,10,0,0,26,0,2,12
Text0044,objective,894,114,4,0,3,0,38,0,15,17,34,1,8,5,28,1,0,0,0,28,0,0,24
Text0045,objective,176,25,1,1,0,2,8,0,3,7,6,0,0,1,3,0,5,0,1,11,0,0,9
Text0046,objective,182,17,1,0,1,0,9,0,3,3,4,1,0,0,4,0,5,0,0,8,0,0,5
Text0047,objective,93,10,0,0,2,1,2,0,4,0,3,0,0,0,2,0,3,0,0,6,0,0,3
Text0048,objective,269,29,1,0,1,1,9,0,7,6,6,0,1,0,8,0,12,0,0,17,0,0,10
Text0049,objective,71,7,0,0,1,2,3,0,0,0,2,0,0,0,1,0,0,0,0,4,0,0,0
Text0050,objective,585,79,0,3,4,12,61,0,7,7,27,0,2,1,19,0,0,0,0,27,0,0,11
Text0051,objective,186,24,0,0,0,5,8,0,8,1,5,0,2,0,7,0,4,0,0,10,0,0,8
Text0052,objective,234,25,0,0,7,0,7,0,13,4,7,0,1,1,3,1,7,0,0,19,4,0,7
Text0053,objective,683,76,1,0,0,5,60,1,12,14,16,0,1,2,8,0,0,0,0,30,4,0,18
Text0054,objective,106,14,0,0,0,0,5,0,0,2,3,0,0,0,3,1,0,0,0,3,0,0,2
Text0055,objective,661,75,1,0,6,12,39,1,15,7,23,0,2,1,13,2,12,0,0,44,3,0,15
Text0056,objective,136,12,0,0,0,1,7,0,0,1,1,0,0,0,0,0,1,0,0,11,0,0,1
Text0057,objective,246,10,0,1,0,0,34,0,0,0,2,0,0,0,2,0,0,0,0,28,0,0,0
Text0058,objective,411,40,0,1,3,2,10,0,8,10,7,0,1,1,2,0,4,0,0,22,0,0,15
Text0059,objective,917,102,1,3,0,14,49,0,23,10,38,0,5,3,18,1,16,0,0,71,6,1,19
Text0060,objective,307,39,1,0,7,2,18,0,5,5,4,0,2,1,5,1,0,0,1,15,0,0,8
Text0061,objective,1065,113,1,1,5,7,61,0,41,11,39,0,4,5,25,4,12,0,0,54,1,2,41
Text0062,objective,1386,154,6,5,26,11,92,0,22,13,44,1,3,4,20,11,16,0,0,66,4,3,18
Text0063,objective,730,79,3,0,13,8,39,0,26,9,28,1,4,1,13,4,0,0,0,34,4,1,25
Text0064,objective,268,29,0,1,1,3,3,0,9,8,15,0,3,1,6,1,2,0,0,11,1,0,11
Text0065,objective,488,52,2,2,4,5,23,0,16,6,29,0,2,5,11,1,15,3,0,36,5,0,10
Text0066,objective,1766,166,10,4,19,2,66,1,118,53,105,0,14,15,41,7,4,5,0,129,18,3,99
Text0067,objective,206,25,3,2,0,0,11,0,9,1,10,0,1,1,5,0,1,0,0,9,2,0,7
Text0068,objective,198,30,0,0,2,0,3,0,7,1,8,0,2,2,1,2,1,0,0,8,4,3,0
Text0069,objective,83,9,0,0,1,0,7,0,1,1,2,0,0,0,1,0,2,0,0,4,0,0,2
Text0070,objective,400,39,1,0,6,2,19,1,17,7,23,0,1,2,7,2,11,0,0,33,2,0,8
Text0071,objective,151,18,0,0,1,1,12,0,2,1,5,0,0,0,3,0,3,0,0,11,0,0,3
Text0072,objective,99,11,0,0,0,0,6,0,4,0,3,0,0,0,0,0,0,0,0,7,0,0,4
Text0073,objective,138,14,0,0,1,0,10,0,3,0,3,0,0,0,3,0,0,0,0,7,0,0,3
Text0074,objective,262,24,2,0,3,0,13,0,15,1,10,0,4,2,12,2,1,0,0,8,4,0,3
Text0075,objective,530,62,0,0,2,1,34,0,11,6,8,0,0,0,13,2,0,0,0,25,4,0,12
Text0076,objective,143,16,2,0,3,1,8,0,5,2,2,0,3,1,1,0,1,0,0,6,2,0,3
Text0077,objective,245,24,0,0,1,2,14,0,8,3,7,1,2,2,9,0,6,0,0,16,0,0,5
Text0078,objective,1197,120,1,2,6,7,92,0,33,19,40,0,3,3,21,3,28,0,0,75,6,1,36
Text0079,objective,147,11,0,0,0,1,16,0,0,2,0,0,0,0,2,0,0,0,0,6,0,0,2
Text0080,objective,47,2,0,0,0,0,3,0,0,0,2,0,1,0,1,0,0,0,0,1,0,0,0
Text0081,objective,142,21,0,0,1,2,12,0,2,1,5,0,0,0,3,0,1,0,0,7,0,0,3
Text0082,objective,487,58,1,0,3,3,21,0,13,7,7,0,6,1,2,0,8,0,0,31,2,0,12
Text0083,objective,179,18,0,0,0,1,16,0,1,1,4,0,0,0,2,1,0,0,0,7,0,0,1
Text0084,objective,224,20,0,0,1,0,6,0,13,1,8,0,4,0,5,0,4,0,0,8,0,2,7
Text0085,objective,306,43,1,1,1,0,22,0,2,3,10,0,5,0,6,2,4,0,0,14,1,0,2
Text0086,objective,684,83,3,2,3,4,50,0,15,10,29,0,3,4,6,1,8,0,0,38,3,0,13
Text0087,objective,107,12,0,2,2,0,4,0,5,1,1,0,0,0,1,0,6,0,0,10,0,0,5
Text0088,objective,310,38,1,0,2,4,23,0,5,0,4,0,1,1,5,0,1,0,0,15,0,0,4
Text0089,objective,365,58,0,2,4,3,18,0,12,4,10,0,1,2,7,1,5,0,0,22,3,1,11
Text0090,objective,173,27,0,1,0,3,18,0,5,3,2,0,1,1,5,1,1,0,0,9,0,0,5
Text0091,objective,450,50,1,0,3,8,30,0,10,8,10,0,3,2,12,3,2,0,0,25,2,0,10
Text0092,objective,118,10,0,0,3,1,8,0,3,3,1,0,0,0,1,0,1,1,0,7,0,1,1
Text0094,objective,343,34,0,1,1,8,14,1,2,5,7,2,0,2,6,2,0,0,1,21,1,1,5
Text0095,objective,152,16,0,0,3,0,3,1,4,2,5,0,0,2,3,2,0,0,0,6,0,0,4
Text0096,objective,744,67,2,1,15,2,33,2,48,10,50,1,4,7,21,1,0,1,0,35,2,8,26
Text0097,objective,188,19,0,0,1,0,18,0,7,3,2,0,0,1,0,0,0,0,0,9,0,0,6
Text0099,objective,242,32,1,1,2,0,18,0,1,3,6,0,2,1,9,1,0,1,0,12,0,0,4
Text0100,objective,941,104,7,1,10,3,51,2,33,29,41,1,2,2,16,7,15,0,0,50,1,0,49
Text0101,objective,624,75,2,0,8,7,28,1,29,10,22,1,1,7,11,2,1,2,0,38,9,3,16
Text0102,objective,474,44,1,1,5,5,14,1,26,7,28,0,1,6,7,4,1,1,0,21,15,0,13
Text0103,objective,201,25,1,0,1,1,15,1,1,4,5,0,0,3,5,0,3,0,1,10,1,1,3
Text0104,objective,211,33,2,0,0,2,13,0,1,0,7,0,0,1,5,1,0,0,1,6,0,0,1
Text0105,objective,360,45,0,0,4,2,23,0,6,4,17,0,0,1,7,5,0,0,0,13,0,0,9
Text0106,objective,749,81,1,4,3,8,51,0,26,13,35,0,7,8,23,2,15,0,0,53,15,1,19
Text0107,objective,88,13,1,0,0,0,6,0,0,0,3,0,0,0,0,0,0,0,0,3,0,0,0
Text0108,objective,648,64,0,0,4,3,51,0,21,6,25,0,6,1,7,3,11,0,0,41,2,1,16
Text0109,objective,140,17,1,0,0,0,19,0,0,2,2,0,0,1,0,1,0,0,0,10,0,0,1
Text0110,objective,284,39,0,1,0,3,19,0,3,3,3,0,1,0,4,0,2,0,0,13,0,0,5
Text0111,objective,514,58,1,0,3,4,36,1,11,7,13,0,4,2,13,1,12,0,0,24,3,0,6
Text0112,objective,732,66,1,2,3,10,34,1,27,10,22,0,4,6,11,0,17,0,0,46,1,0,29
Text0113,objective,225,29,0,1,1,2,14,0,2,4,6,0,2,0,5,0,0,0,0,11,0,0,6
Text0114,objective,953,103,0,1,16,6,91,0,20,17,32,0,1,5,14,5,11,0,0,47,3,1,24
Text0115,objective,326,49,0,0,3,1,15,0,12,5,10,0,1,0,13,1,1,0,0,11,0,0,11
Text0116,objective,404,37,0,1,3,2,12,2,27,7,12,0,4,0,7,0,2,0,0,22,9,1,18
Text0117,objective,245,36,1,3,1,5,18,0,3,0,9,0,0,0,0,0,2,0,0,12,0,0,3
Text0118,objective,124,12,0,0,2,2,6,0,5,0,1,0,1,0,0,0,4,0,0,10,0,0,3
Text0119,objective,212,28,0,0,0,5,18,0,4,2,2,0,0,1,3,0,0,0,0,15,0,0,5
Text0120,objective,137,16,0,0,0,1,13,0,0,3,4,0,0,0,6,0,2,0,0,5,0,0,3
Text0121,objective,592,66,15,0,6,1,25,0,35,9,30,1,0,4,15,3,3,0,0,33,7,2,18
Text0122,objective,627,68,0,0,0,0,50,0,13,13,23,0,1,3,16,4,10,0,0,37,7,2,8
Text0124,objective,132,10,0,0,1,0,10,0,6,3,2,0,2,1,2,0,8,0,0,14,0,0,9
Text0125,objective,133,21,0,0,0,1,9,0,1,2,3,0,0,0,3,0,0,0,0,10,0,0,3
Text0126,objective,150,12,0,0,0,1,14,0,3,0,1,1,1,0,5,1,0,0,0,7,0,0,3
Text0127,objective,718,63,1,0,2,2,24,0,9,5,8,0,5,0,5,0,8,0,0,23,1,0,11
Text0128,objective,313,35,1,3,1,0,15,0,16,1,12,0,2,1,11,0,3,0,0,15,2,0,9
Text0129,objective,388,39,0,0,2,2,32,0,12,6,7,0,0,3,6,2,11,1,0,28,1,0,12
Text0130,objective,128,14,0,0,0,1,9,0,0,0,7,0,0,1,3,0,0,0,0,4,0,0,0
Text0131,objective,782,73,3,3,1,3,64,0,25,11,29,0,7,6,18,4,11,0,0,48,9,2,20
Text0132,objective,140,13,0,0,2,0,14,0,0,0,0,1,1,2,4,0,0,0,0,6,0,0,0
Text0134,objective,1047,124,5,1,3,6,92,0,17,14,36,0,8,14,19,2,10,0,0,56,3,0,18
Text0135,objective,281,23,1,0,2,1,13,0,3,3,8,0,3,1,3,0,11,0,0,24,0,0,4
Text0136,objective,1320,174,2,5,3,4,135,1,16,15,39,1,8,2,28,9,16,0,0,64,0,0,23
Text0137,objective,328,32,0,1,4,4,20,0,5,4,15,0,3,1,9,1,5,0,0,23,0,1,5
Text0138,objective,694,79,2,2,7,7,29,0,24,16,48,0,1,1,13,7,7,0,0,32,2,0,16
Text0139,objective,853,97,1,5,4,1,87,2,17,5,36,0,2,4,21,4,13,1,1,36,2,1,16
Text0140,objective,820,94,0,3,7,2,49,1,46,9,39,0,6,5,12,2,0,0,0,37,13,3,26
Text0141,objective,647,74,3,0,7,0,27,0,21,14,25,0,4,4,18,3,8,1,0,37,3,1,20
Text0142,objective,800,86,2,0,5,1,25,0,37,18,32,0,3,5,14,2,12,0,0,44,2,3,31
Text0143,objective,212,24,0,2,1,1,19,0,2,4,7,0,0,0,6,1,0,0,0,12,0,0,6
Text0144,objective,702,72,4,2,10,1,70,0,7,13,28,0,0,9,12,0,0,1,0,33,0,0,11
Text0145,objective,1412,149,5,5,12,12,63,0,57,19,73,0,2,10,36,4,0,1,6,67,11,7,39
Text0146,objective,94,17,0,0,0,1,3,0,1,1,1,0,0,0,2,0,0,0,0,7,0,0,2
Text0147,objective,114,11,0,0,1,1,4,0,4,1,3,0,2,0,2,0,6,0,0,11,2,0,2
Text0149,objective,275,34,0,0,2,0,19,1,6,3,8,0,0,0,4,2,8,0,0,15,2,1,6
Text0150,objective,136,12,0,0,0,0,6,0,1,1,3,0,1,0,1,0,0,0,0,5,0,0,1
Text0151,objective,752,80,3,1,3,7,32,0,25,8,28,0,2,3,9,2,12,0,0,54,12,3,11
Text0152,objective,852,84,2,3,3,2,50,1,21,11,46,0,7,6,5,4,12,0,0,44,0,5,19
Text0153,objective,290,25,0,1,7,2,12,0,22,4,19,0,1,3,4,0,7,0,0,18,7,1,12
Text0154,objective,322,48,0,1,8,5,10,0,0,1,9,0,0,0,3,1,0,0,0,15,0,0,1
Text0155,objective,145,17,0,0,1,1,2,0,2,2,0,0,0,0,3,0,1,0,0,6,0,0,4
Text0156,objective,115,15,0,0,1,4,5,0,1,2,3,0,2,0,2,0,3,0,0,5,0,0,3
Text0157,objective,317,41,0,1,0,3,19,0,16,5,7,0,0,0,4,1,1,0,0,29,0,0,20
Text0158,objective,312,30,2,2,0,9,20,0,7,1,8,0,0,2,4,0,0,1,0,19,0,0,5
Text0159,objective,160,16,0,0,0,0,10,0,1,0,1,0,0,0,7,0,2,0,0,4,0,0,0
Text0160,objective,84,10,0,0,3,0,2,0,0,0,1,0,1,1,1,1,0,0,0,4,0,0,0
Text0162,objective,303,33,0,0,1,1,9,0,17,7,16,0,3,2,12,0,8,0,0,19,0,0,20
Text0163,objective,149,11,0,0,1,3,17,0,2,2,1,0,0,1,1,0,0,0,0,8,0,0,3
Text0164,objective,1933,183,3,3,22,3,122,0,59,16,76,0,5,10,30,11,0,2,0,71,20,13,17
Text0165,objective,692,66,2,3,11,3,19,1,51,8,41,2,0,4,11,2,0,3,0,38,14,1,27
Text0166,objective,582,51,2,2,10,3,16,1,34,6,31,2,0,3,6,1,6,2,0,35,10,1,19
Text0167,objective,101,8,1,0,2,0,2,0,3,1,1,0,0,0,2,0,3,0,0,6,0,0,4
Text0168,objective,96,11,0,1,0,0,8,0,2,0,0,0,0,0,4,0,0,0,0,4,0,0,2
Text0169,objective,94,6,0,0,2,1,4,0,1,1,2,0,0,0,2,1,0,0,0,6,0,0,0
Text0170,objective,147,9,0,0,1,1,10,0,7,2,4,0,0,1,2,0,2,0,0,7,4,0,5
Text0171,objective,146,15,0,0,0,1,9,0,1,0,2,0,0,0,0,0,0,0,0,7,0,0,1
Text0172,objective,206,27,0,0,0,1,13,0,8,4,6,0,0,0,7,0,6,0,0,13,0,0,11
Text0173,objective,743,81,1,6,24,4,52,1,22,5,29,0,3,2,9,7,9,0,0,44,4,3,7
Text0174,objective,944,112,1,2,0,5,76,0,15,15,34,0,12,6,32,5,9,1,0,43,0,1,18
Text0175,objective,215,29,2,0,6,1,9,0,6,0,10,1,1,3,4,3,0,1,0,12,1,1,1
Text0176,objective,142,21,0,1,2,0,11,0,1,2,0,0,1,0,2,1,1,0,0,6,0,0,3
Text0177,objective,351,32,0,2,0,2,16,0,10,7,8,0,3,3,10,1,5,0,0,17,0,5,5
Text0178,objective,126,13,0,0,0,3,4,0,3,2,4,0,1,0,3,0,9,0,0,15,0,0,5
Text0179,objective,142,14,0,1,0,3,12,0,1,2,3,0,1,0,2,0,0,0,0,8,0,0,2
Text0180,objective,156,18,0,0,1,0,13,0,5,5,10,0,1,0,1,0,0,0,0,6,0,0,8
Text0181,objective,586,62,0,1,8,7,38,1,17,7,16,0,3,7,10,5,12,2,0,38,3,0,18
Text0182,objective,456,47,1,2,8,1,15,0,30,8,17,0,0,1,3,0,4,0,0,21,6,2,23
Text0183,objective,249,26,0,0,3,1,10,0,4,5,7,0,0,0,6,2,5,0,0,14,0,0,7
Text0184,objective,932,107,4,3,4,9,46,1,27,21,29,0,3,6,20,0,0,0,0,57,4,0,33
Text0185,objective,430,48,0,0,0,0,21,0,6,4,12,0,1,0,6,0,8,0,0,29,1,2,3
Text0186,objective,285,34,0,0,1,0,14,0,5,8,11,1,5,0,3,1,0,0,0,11,0,0,12
Text0187,objective,390,47,2,1,4,0,22,2,14,5,14,0,3,1,7,2,0,0,0,20,7,0,8
Text0188,objective,688,77,1,0,5,6,45,0,5,6,20,0,5,5,9,2,6,2,1,31,1,1,5
Text0189,objective,1237,146,1,1,3,0,58,0,19,6,45,0,4,6,19,6,0,1,0,63,5,2,9
Text0190,objective,611,78,0,2,3,7,50,0,15,9,18,0,5,3,14,0,9,0,0,42,7,0,8
Text0191,objective,594,82,1,1,5,7,52,0,14,11,20,1,5,3,22,0,4,0,0,27,2,1,20
Text0192,objective,85,12,0,0,0,1,5,0,2,1,1,0,0,0,0,0,1,0,0,4,0,0,3
Text0193,objective,223,30,0,0,1,3,10,0,4,3,6,0,1,0,8,0,3,0,1,12,0,0,6
Text0194,objective,707,61,1,0,3,5,33,0,29,18,32,1,2,3,7,3,1,0,0,37,3,4,30
Text0195,objective,971,107,1,3,7,16,61,0,28,16,43,0,2,8,26,1,0,0,0,71,4,0,34
Text0196,objective,202,22,1,1,3,0,7,0,7,2,5,0,1,2,4,2,0,0,0,11,0,0,6
Text0197,objective,181,30,0,0,0,1,6,0,1,1,5,0,1,0,5,0,0,0,0,8,0,0,2
Text0198,objective,393,54,0,2,0,4,34,0,5,5,10,0,2,1,10,0,0,0,0,11,0,0,7
Text0199,objective,138,18,0,0,1,2,3,0,2,2,3,0,0,0,2,0,0,0,0,6,0,0,4
Text0200,objective,1001,87,2,1,5,7,71,0,34,21,26,1,5,4,12,2,17,1,0,60,5,3,35
Text0201,objective,288,32,1,0,1,1,11,0,3,4,3,0,0,0,3,0,6,0,0,19,0,0,7
Text0202,objective,201,19,0,0,2,1,2,0,6,4,3,0,0,1,2,1,5,0,0,12,1,0,7
Text0203,objective,140,13,1,0,2,1,5,0,5,2,3,0,0,1,3,0,0,0,0,9,0,0,5
Text0204,objective,514,61,1,0,1,4,22,1,11,8,17,0,2,1,10,0,9,0,0,26,0,0,14
Text0205,objective,157,12,1,0,2,3,9,0,3,2,4,0,0,2,3,0,0,1,0,9,0,0,3
Text0206,objective,711,73,1,2,9,1,19,0,39,14,42,2,1,0,12,2,1,0,0,50,9,5,23
Text0207,objective,922,95,4,2,2,10,56,0,47,13,12,0,5,2,20,5,25,0,0,59,8,2,33
Text0208,objective,222,30,2,0,1,3,11,0,2,8,4,0,1,0,8,1,0,1,0,9,0,1,8
Text0209,objective,722,79,2,7,4,1,62,0,10,12,24,0,2,5,15,4,9,0,0,38,3,0,12
Text0210,objective,784,97,1,1,1,1,46,0,26,12,35,0,3,0,20,1,12,0,0,47,3,0,24
Text0211,objective,69,7,2,0,0,0,3,0,1,0,4,0,0,0,2,0,0,0,0,2,0,0,1
Text0212,objective,1360,157,5,0,13,3,108,0,16,13,47,0,2,4,39,3,0,0,0,60,0,0,24
Text0213,objective,386,42,1,0,6,6,16,0,9,6,15,0,1,1,10,1,11,0,0,25,0,0,13
Text0214,objective,537,66,0,3,4,6,39,0,6,9,15,0,2,1,12,3,3,0,0,25,2,0,8
Text0215,objective,754,92,4,2,9,7,22,0,39,4,38,1,4,9,15,0,14,0,0,51,19,3,17
Text0216,objective,172,26,2,1,4,1,8,0,4,1,2,0,1,0,4,2,2,0,0,7,0,0,3
Text0217,objective,230,25,0,1,0,0,10,0,5,4,9,0,0,0,0,0,5,0,0,10,1,0,8
Text0218,objective,913,80,8,3,3,6,61,3,38,26,50,0,1,3,19,3,12,0,0,45,10,4,42
Text0219,objective,229,32,0,0,4,0,5,0,10,2,6,0,0,1,4,0,0,0,0,8,6,0,5
Text0220,objective,107,7,0,0,1,0,3,0,2,0,1,0,2,1,3,1,2,0,0,3,0,0,1
Text0221,objective,298,35,0,0,4,1,24,0,4,4,8,0,0,0,4,1,4,0,0,13,0,0,8
Text0222,objective,116,18,0,0,0,1,14,0,1,1,1,0,1,0,3,1,0,0,0,5,0,0,0
Text0223,objective,287,30,0,0,5,2,15,0,14,4,11,0,0,1,3,1,1,0,0,13,8,2,6
Text0224,objective,562,69,2,1,0,1,53,0,13,7,9,1,1,1,15,4,19,1,0,32,0,0,14
Text0225,objective,365,45,0,0,3,0,16,0,7,4,18,0,2,0,13,1,0,0,0,13,0,0,6
Text0226,objective,320,32,0,2,3,1,16,0,4,4,8,0,3,0,4,1,5,0,0,22,0,0,8
Text0227,objective,150,15,0,0,0,0,11,0,0,1,6,0,0,0,0,1,0,0,0,6,0,0,1
Text0228,objective,1039,119,3,7,28,6,73,1,18,9,37,0,3,5,14,3,18,0,0,63,4,2,16
Text0229,objective,962,126,1,2,3,4,69,0,32,18,22,0,3,4,16,1,15,1,0,55,5,2,29
Text0230,objective,109,13,0,0,0,1,5,0,1,0,4,0,2,0,3,1,0,0,0,5,0,0,0
Text0231,objective,449,36,0,1,2,0,28,1,15,12,21,0,2,3,4,1,13,0,0,37,1,0,23
Text0232,objective,565,54,1,0,1,2,29,0,17,5,15,0,2,1,6,1,11,0,0,38,3,2,13
Text0233,objective,262,35,0,0,2,5,9,0,6,0,8,0,1,1,6,0,5,0,0,12,3,0,2
Text0234,objective,197,23,1,2,2,1,11,1,12,4,7,0,2,1,6,0,0,1,0,10,2,0,11
Text0235,objective,124,14,0,0,1,0,4,0,0,0,2,1,0,1,3,0,0,0,0,5,0,0,0
Text0236,objective,234,22,0,0,1,4,14,0,3,2,8,0,0,1,3,1,3,0,0,10,1,0,2
Text0238,objective,373,45,3,1,0,0,14,1,6,1,14,0,3,3,6,1,7,0,0,19,2,0,2
Text0239,objective,216,18,1,0,1,2,5,0,13,2,7,0,2,0,6,1,8,0,0,15,0,0,8
Text0240,objective,588,45,1,1,2,3,32,0,15,5,18,0,1,6,12,1,19,1,0,41,6,0,10
Text0241,objective,611,88,0,0,3,4,31,0,12,17,26,0,0,1,11,0,0,0,0,28,0,0,28
Text0242,objective,151,14,0,0,0,1,13,0,2,5,7,1,3,3,3,0,3,0,1,8,0,2,3
Text0243,objective,866,90,5,0,8,4,57,0,34,22,20,0,1,6,10,4,5,0,1,58,7,1,33
Text0244,objective,127,16,0,2,0,1,10,0,0,2,2,0,0,0,0,0,4,0,0,4,0,0,1
Text0245,objective,130,18,0,0,0,0,12,0,0,0,4,2,0,0,2,1,0,0,0,6,0,0,0
Text0246,objective,392,34,1,1,2,3,23,0,16,7,12,0,3,2,7,0,7,0,0,20,5,1,17
Text0247,objective,1439,171,5,1,8,9,67,2,39,22,90,1,8,4,41,8,0,1,0,50,11,5,21
Text0248,objective,276,35,0,1,5,3,9,0,15,4,10,0,0,1,5,0,2,0,1,11,8,2,3
Text0249,objective,1352,120,3,1,16,4,80,0,46,24,69,1,3,4,33,7,0,2,0,78,8,3,44
Text0250,objective,813,108,1,1,1,10,42,0,12,12,35,1,2,0,15,5,9,0,0,36,6,0,5
Text0251,objective,346,37,2,0,4,3,31,0,4,1,10,0,3,0,5,3,8,0,0,15,0,0,4
Text0252,objective,670,65,6,1,13,3,17,0,38,8,32,1,2,3,17,2,0,2,0,57,3,6,21
Text0253,objective,594,49,0,4,1,2,63,0,12,9,14,0,1,0,8,0,4,0,0,15,2,0,17
Text0254,objective,245,24,0,0,2,3,10,0,5,7,8,0,0,0,5,0,5,0,0,12,0,0,12
Text0255,objective,247,29,0,2,2,0,10,0,7,5,14,0,2,0,7,0,4,0,0,15,0,0,7
Text0256,objective,854,102,3,3,8,3,45,0,27,21,44,2,0,7,16,6,0,1,0,37,0,1,41
Text0257,objective,1237,119,2,2,18,5,60,0,49,18,84,1,12,16,21,1,0,3,0,59,3,5,40
Text0258,objective,105,9,0,0,0,1,4,0,1,5,2,0,1,0,2,0,2,0,0,6,0,0,5
Text0259,objective,1132,98,3,1,6,1,47,0,113,16,72,0,9,12,27,6,0,1,0,93,46,12,46
Text0260,objective,355,39,1,0,2,1,21,0,1,3,16,0,3,0,8,0,0,0,0,11,0,0,4
Text0261,objective,257,29,0,3,2,1,8,0,3,0,3,0,1,0,1,3,0,0,0,12,0,0,2
Text0262,objective,192,23,1,2,4,1,13,0,12,3,6,0,1,1,4,1,7,1,0,12,0,0,12
Text0263,objective,244,29,0,1,3,0,8,0,8,6,5,0,2,0,6,1,3,0,0,11,1,0,12
Text0264,objective,879,87,2,2,3,0,56,0,34,11,33,0,7,5,17,0,10,2,0,49,9,2,20
Text0265,objective,783,87,6,0,4,4,50,0,35,16,21,0,4,4,23,1,10,1,0,42,0,0,37
Text0266,objective,100,9,1,0,0,0,1,0,1,0,2,0,0,0,3,0,5,0,0,9,1,0,0
Text0267,objective,273,32,1,3,2,1,20,0,1,5,3,0,2,1,6,0,4,1,0,14,0,0,4
Text0268,objective,258,32,0,1,3,1,5,0,7,5,11,0,1,1,4,0,2,0,0,13,3,0,5
Text0269,objective,337,38,0,0,3,4,17,0,5,5,7,0,0,0,10,1,3,0,0,18,0,0,9
Text0270,objective,221,19,0,0,2,1,16,0,3,1,4,0,0,1,1,0,2,0,0,11,1,0,3
Text0271,objective,128,12,0,0,0,1,8,0,2,2,7,0,0,0,3,0,0,0,0,7,0,0,3
Text0272,objective,771,83,1,1,0,5,59,0,23,10,18,0,2,1,9,5,12,0,0,57,6,1,16
Text0273,objective,198,23,0,0,3,5,13,0,4,3,2,0,3,0,5,1,0,0,0,8,0,0,6
Text0274,objective,1039,84,6,1,9,3,50,1,69,10,52,0,4,13,52,3,0,0,0,61,7,15,27
Text0275,objective,1230,131,2,6,14,7,80,3,60,23,44,1,12,11,31,6,2,4,0,61,10,7,35
Text0276,objective,877,106,4,1,9,4,61,1,24,14,29,1,6,3,16,2,13,0,0,41,1,5,24
Text0277,objective,615,71,1,4,1,1,53,0,10,7,22,0,1,5,6,1,9,1,0,34,3,1,11
Text0278,objective,159,22,0,0,0,2,10,0,1,1,2,0,0,0,1,1,0,0,0,7,0,0,0
Text0279,objective,646,79,2,2,2,5,43,0,21,10,27,0,6,1,11,2,11,0,0,46,0,0,23
Text0280,objective,599,72,4,0,3,3,33,0,6,9,23,0,6,2,7,1,0,2,2,20,1,2,7
Text0281,objective,331,34,0,0,2,3,21,0,2,4,8,0,0,0,8,0,6,0,0,16,2,0,0
Text0282,objective,171,20,0,0,0,2,10,0,3,4,6,1,1,0,6,1,5,0,0,9,0,0,7
Text0284,objective,340,38,1,0,5,5,17,0,10,9,19,0,3,2,7,1,5,0,0,18,2,0,14
Text0285,objective,1174,116,5,6,12,1,32,1,72,24,70,0,7,18,17,8,1,0,4,74,25,9,27
Text0286,objective,740,95,1,0,3,5,33,0,26,13,29,1,4,4,24,0,8,0,0,38,9,0,23
Text0287,objective,269,28,0,0,3,3,19,0,4,4,12,0,2,1,5,0,1,2,0,14,0,1,4
Text0288,objective,124,15,0,0,2,2,7,0,2,2,4,0,0,0,2,0,3,0,0,7,0,0,3
Text0289,objective,155,12,0,0,1,4,10,0,5,1,5,0,0,2,4,0,0,1,0,9,0,0,5
Text0290,objective,651,62,7,0,10,1,46,0,19,6,46,0,0,4,19,3,7,3,0,40,0,4,14
Text0291,objective,188,19,0,1,0,4,14,0,4,2,6,0,0,2,7,2,0,0,0,12,0,0,4
Text0292,objective,784,79,4,0,4,3,47,0,50,20,47,0,4,7,18,0,18,1,0,45,2,4,58
Text0293,objective,1351,160,2,3,7,16,75,0,56,13,84,0,5,7,27,6,0,0,0,48,26,2,23
Text0294,objective,341,44,1,1,14,3,26,0,3,0,9,1,0,1,1,2,0,0,0,18,0,0,2
Text0295,objective,547,52,1,1,5,0,35,0,19,12,16,0,1,1,9,2,14,0,0,29,2,0,24
Text0296,objective,480,51,3,1,3,0,20,0,15,4,17,0,0,1,10,2,0,0,0,18,4,0,7
Text0297,objective,86,14,0,0,0,1,3,0,2,2,0,0,0,0,0,0,2,0,0,3,0,0,4
Text0298,objective,706,83,5,2,2,1,42,0,27,9,24,1,2,2,14,3,11,0,0,33,10,0,18
Text0299,objective,433,47,0,1,1,4,28,1,11,4,11,0,1,0,9,1,2,1,0,26,0,0,13
Text0300,objective,120,15,0,0,0,2,9,0,0,1,6,0,1,1,2,0,0,0,0,4,0,0,1
Text0301,objective,441,48,0,0,3,2,35,0,3,0,17,0,2,4,5,3,4,0,1,20,0,0,0
Text0302,objective,764,89,1,4,7,8,21,0,29,6,37,3,6,10,12,2,16,0,0,52,3,1,17
Text0303,objective,75,10,0,1,1,0,4,0,1,2,1,0,0,0,3,0,0,0,0,3,0,0,3
Text0304,objective,677,68,3,2,4,1,20,0,32,7,24,0,3,10,15,1,0,1,0,44,4,2,13
Text0305,objective,496,53,2,1,1,3,33,0,19,5,24,0,0,3,5,1,13,0,0,29,3,6,10
Text0306,objective,550,57,1,1,10,4,38,0,12,11,8,1,5,5,3,3,7,0,0,24,0,0,21
Text0307,objective,138,15,0,0,0,2,14,0,0,0,3,1,0,0,2,0,0,0,0,7,0,0,0
Text0308,objective,114,12,1,0,0,1,9,0,5,0,2,0,1,0,1,0,1,0,0,6,0,0,5
Text0309,objective,964,113,1,3,6,2,62,1,10,8,34,4,4,4,28,2,1,0,0,34,1,0,14
Text0310,objective,225,25,2,0,1,1,4,0,12,6,9,0,1,0,3,0,2,0,0,12,1,0,15
Text0311,objective,230,24,1,0,1,0,11,0,7,6,12,0,3,0,4,0,3,0,0,10,0,0,9
Text0312,objective,740,75,6,1,19,3,24,0,23,11,31,1,4,5,11,2,1,0,0,36,7,0,14
Text0313,objective,93,9,0,0,0,2,3,0,3,0,1,0,1,0,2,0,1,0,0,5,0,0,1
Text0314,objective,590,45,3,1,3,3,45,1,14,6,24,0,1,2,9,0,15,0,0,40,10,2,5
Text0315,objective,353,36,1,2,0,3,37,0,3,5,2,0,1,1,4,1,0,0,0,23,0,0,8
Text0316,objective,954,100,3,6,11,10,67,0,32,8,33,0,6,6,19,3,0,0,0,48,9,1,21
Text0317,objective,2636,268,16,8,33,7,183,0,61,53,96,1,9,10,39,2,0,4,1,178,2,18,78
Text0318,objective,697,84,3,0,2,5,48,0,14,6,28,0,1,3,12,5,11,0,0,37,7,1,6
Text0319,objective,966,93,6,2,10,4,59,0,35,22,46,0,4,3,24,4,22,0,0,66,6,6,28
Text0320,objective,575,66,3,0,6,1,25,0,36,4,22,1,3,0,14,2,12,0,0,29,13,2,16
Text0321,objective,117,11,0,1,1,1,9,0,3,0,8,1,0,0,2,0,0,0,0,9,0,0,3
Text0322,objective,292,28,0,0,1,6,20,1,6,2,7,0,0,0,3,0,4,0,0,15,1,1,3
Text0323,objective,429,41,1,3,2,2,20,2,26,6,19,1,8,1,12,2,5,0,0,23,7,2,14
Text0324,objective,650,65,1,2,8,7,43,0,25,16,31,0,5,4,15,4,5,1,0,30,2,2,27
Text0325,objective,309,33,0,0,1,1,9,0,17,7,17,0,3,3,12,0,8,0,0,21,0,0,20
Text0327,objective,236,27,0,0,1,2,11,0,14,2,8,0,1,1,7,1,6,0,0,17,2,0,10
Text0328,objective,206,23,0,1,0,2,13,0,1,1,6,0,0,3,2,0,3,1,1,9,0,0,2
Text0329,objective,304,32,0,0,2,4,18,0,6,5,13,0,1,1,7,0,0,0,0,16,1,0,9
Text0330,objective,805,83,1,0,2,1,21,0,24,10,41,0,13,8,10,1,10,0,0,35,7,1,11
Text0331,objective,1498,170,7,1,17,7,71,1,46,23,61,1,6,8,36,9,0,2,1,80,20,11,21
Text0333,objective,922,94,8,6,7,7,40,0,36,16,59,2,1,7,23,7,3,0,0,50,2,0,41
Text0334,objective,683,78,3,1,4,3,39,0,16,8,21,0,5,1,16,3,19,0,0,41,8,2,11
Text0335,objective,101,13,1,0,0,0,6,0,0,2,0,0,0,0,1,0,4,0,0,8,0,0,2
Text0336,objective,570,56,3,2,1,2,45,0,22,18,28,0,3,2,13,1,10,0,0,35,3,1,24
Text0337,objective,148,14,0,0,2,2,3,0,0,0,2,0,0,0,2,1,3,0,0,6,0,0,0
Text0338,objective,548,68,2,0,5,1,21,1,23,5,17,0,7,4,12,0,2,0,0,20,4,1,16
Text0339,objective,880,104,2,2,5,7,66,0,18,24,40,0,6,4,22,2,8,0,0,45,13,0,21
Text0340,objective,676,79,3,1,0,1,50,0,12,9,27,0,3,2,13,2,11,0,0,42,2,0,14
Text0341,objective,379,54,1,1,0,0,19,0,3,6,19,0,2,0,4,1,3,0,0,21,0,0,4
Text0342,objective,73,8,0,0,0,0,2,0,1,1,3,0,0,0,0,1,0,0,0,3,0,0,2
Text0343,objective,476,51,4,0,0,0,18,0,20,8,25,0,2,6,7,0,11,0,0,33,3,0,22
Text0344,objective,730,67,1,1,5,7,29,0,22,8,32,0,10,16,22,4,1,1,0,47,5,8,12
Text0345,objective,849,82,1,1,4,7,56,0,22,15,28,0,8,0,18,1,13,0,0,56,8,0,18
Text0346,objective,350,42,0,1,0,4,13,0,0,1,2,0,1,0,3,0,0,0,0,45,0,0,1
Text0347,objective,497,54,0,0,10,4,32,0,10,4,7,1,2,1,4,1,10,0,0,24,0,0,12
Text0348,objective,179,21,3,0,1,1,5,0,5,3,5,0,1,1,3,0,8,0,0,13,0,0,7
Text0349,objective,1032,133,1,0,9,2,60,0,38,20,32,0,7,7,12,10,0,1,0,36,5,37,7
Text0352,objective,1671,187,5,7,27,2,53,0,70,23,98,6,6,7,29,8,0,0,0,57,4,9,43
Text0353,objective,671,87,1,2,3,2,23,0,26,9,27,0,6,0,13,5,2,0,0,35,7,0,20
Text0354,objective,597,81,1,3,6,4,31,0,11,9,21,0,1,3,13,0,7,0,0,28,0,0,19
Text0356,objective,187,23,0,0,2,2,11,0,0,2,3,1,1,0,6,0,3,0,0,10,0,0,2
Text0358,objective,172,17,0,0,3,2,4,1,5,3,6,0,1,0,5,2,4,0,0,9,2,0,5
Text0359,objective,154,18,0,1,2,1,9,0,2,1,4,0,1,0,1,1,2,0,0,8,0,0,1
Text0360,objective,540,58,2,0,5,3,24,0,20,6,22,3,2,3,14,9,1,0,0,27,12,4,6
Text0361,objective,465,40,0,0,2,2,17,0,29,4,22,0,0,2,15,1,0,1,0,24,4,2,14
Text0362,objective,156,15,0,0,2,2,7,0,0,1,7,0,0,2,2,0,1,0,0,4,0,0,1
Text0363,objective,361,43,0,0,5,0,15,0,16,4,16,0,1,1,16,0,2,0,0,20,10,0,6
Text0365,objective,381,39,0,2,1,2,22,0,9,5,19,0,4,1,10,1,0,0,0,23,0,0,10
Text0366,objective,987,115,0,3,1,5,61,0,24,12,34,0,4,5,14,2,15,0,0,61,3,0,24
Text0367,objective,1015,109,4,3,6,6,60,3,38,11,48,1,9,4,14,3,0,0,0,54,10,9,16
Text0368,objective,119,11,0,0,1,0,13,0,5,0,2,0,0,0,3,0,1,0,0,4,0,0,0
Text0369,objective,204,24,0,0,0,0,13,0,2,4,3,0,1,0,3,0,2,0,0,8,0,0,5
Text0370,objective,157,17,1,1,3,1,5,0,3,2,5,0,0,0,2,2,7,0,0,14,0,0,3
Text0371,objective,431,50,1,1,1,4,22,0,5,4,12,0,1,2,10,0,10,1,1,26,0,0,8
Text0372,objective,619,64,0,1,3,2,40,0,9,11,13,0,2,2,16,2,8,0,0,32,4,0,14
Text0373,objective,76,8,0,0,0,0,2,0,2,0,0,0,0,1,1,1,0,0,0,2,0,0,1
Text0374,objective,164,24,1,4,3,1,13,0,1,0,3,0,0,0,3,1,0,0,0,6,0,0,0
Text0375,objective,1313,146,1,2,11,7,76,0,61,21,65,0,8,8,19,7,14,4,0,49,7,9,47
Text0376,objective,330,43,0,0,0,2,23,0,10,5,4,0,0,2,1,1,3,0,0,18,2,0,11
Text0377,objective,520,64,0,0,8,8,37,0,6,4,17,0,1,1,10,3,4,0,0,26,2,0,4
Text0378,objective,511,67,1,0,2,1,24,0,8,4,20,0,3,1,8,1,5,0,0,22,3,0,5
Text0379,objective,373,37,0,0,0,4,17,0,15,6,7,0,1,2,9,3,3,0,0,20,0,0,19
Text0380,objective,125,12,0,0,0,1,1,0,3,2,4,0,1,0,1,0,0,0,0,8,0,0,5
Text0381,objective,644,67,0,0,0,3,51,0,11,5,23,0,6,4,8,4,9,0,0,38,1,1,6
Text0382,objective,491,68,1,1,1,0,25,0,8,4,20,0,6,1,5,4,0,0,0,14,0,1,9
Text0384,objective,619,67,0,4,7,6,25,0,22,4,20,0,4,5,13,3,17,0,0,30,6,2,9
Text0385,objective,833,81,2,5,10,5,55,1,15,3,22,0,2,2,17,2,9,1,0,37,2,0,10
Text0386,objective,911,97,2,2,3,11,66,0,7,13,26,1,4,2,14,2,8,0,0,45,0,0,13
Text0387,objective,560,66,0,0,2,8,36,0,21,7,10,0,5,2,4,0,9,0,0,33,1,4,16
Text0388,objective,328,44,0,0,6,3,25,0,2,1,7,0,3,0,6,0,2,0,0,7,1,0,2
Text0389,objective,390,33,0,0,2,1,49,0,5,5,6,0,1,0,5,1,0,0,0,10,0,0,10
Text0390,objective,1851,218,15,9,17,17,111,0,50,37,88,0,6,9,43,8,15,5,0,111,16,0,39
Text0391,objective,793,92,1,2,12,1,37,2,39,12,19,0,2,14,16,3,0,0,0,43,8,1,28
Text0392,objective,139,15,0,0,3,1,12,0,0,2,0,0,1,0,1,0,0,0,0,7,0,0,2
Text0393,objective,313,40,0,0,0,3,13,0,10,3,5,0,3,0,11,1,9,0,0,16,0,0,5
Text0394,objective,153,14,0,0,1,1,4,0,6,3,2,0,0,1,1,0,1,0,0,8,0,0,8
Text0395,objective,319,44,1,0,3,0,18,0,7,4,7,0,5,2,3,1,8,0,0,12,2,0,7
Text0396,objective,225,26,0,0,1,2,11,0,4,2,5,0,1,0,4,0,2,1,0,14,0,0,5
Text0397,objective,348,34,1,0,7,0,19,1,22,3,13,0,0,1,5,0,3,0,0,22,8,3,10
Text0398,objective,364,43,0,0,6,1,13,0,15,7,10,0,1,2,9,1,0,0,0,17,7,0,14
Text0399,objective,920,103,0,2,5,4,34,2,20,15,48,0,13,7,15,3,15,0,0,53,1,6,13
Text0400,objective,424,54,1,2,3,0,18,0,7,5,21,0,5,0,10,0,0,0,0,16,0,0,10
Text0401,objective,148,15,0,0,2,0,15,0,3,4,8,0,0,0,2,0,6,0,0,12,1,0,6
Text0402,objective,521,42,1,2,2,2,39,0,12,3,19,0,2,4,17,0,9,0,0,32,2,0,10
Text0403,objective,2981,303,14,7,51,7,155,2,175,66,168,0,19,25,77,5,0,5,0,121,15,15,127
Text0404,objective,157,15,0,0,1,2,11,0,3,3,2,0,2,0,4,0,3,0,0,9,0,0,6
Text0405,objective,392,48,2,1,1,7,25,0,3,4,8,0,1,1,9,2,6,0,0,16,0,0,3
Text0406,objective,333,38,0,4,10,1,9,0,10,6,10,0,1,0,6,1,2,0,0,15,3,0,6
Text0407,objective,230,22,1,0,3,0,4,0,17,2,5,0,0,1,1,0,4,0,0,14,4,1,7
Text0408,objective,115,14,0,0,0,2,5,0,1,2,2,0,1,1,4,0,1,0,0,4,0,0,3
Text0409,objective,1200,114,2,3,7,0,54,1,64,21,39,0,9,3,28,6,0,1,0,49,18,3,49
Text0410,objective,237,30,0,0,2,1,11,0,6,2,5,0,0,0,5,0,2,0,0,12,0,0,5
Text0411,objective,545,38,1,2,7,3,19,1,43,7,31,0,3,3,15,0,1,0,0,31,19,2,18
Text0412,objective,353,40,1,4,3,5,13,0,10,7,11,0,1,2,9,3,9,0,0,17,2,2,13
Text0413,objective,1001,101,3,6,4,7,39,1,43,15,57,0,6,1,22,3,17,0,0,58,7,0,42
Text0414,objective,457,53,2,1,10,1,12,0,25,3,23,0,2,0,7,1,2,1,0,19,9,1,8
Text0415,objective,126,16,0,0,1,1,6,0,1,2,6,0,0,0,2,0,2,0,0,7,0,0,2
Text0416,objective,565,59,0,1,5,1,20,0,45,9,28,0,2,7,15,0,0,0,0,36,6,7,31
Text0417,objective,1376,188,4,1,27,5,78,0,31,19,79,0,8,9,25,6,0,1,0,46,9,5,30
Text0418,objective,162,21,0,0,0,1,12,1,5,5,1,0,0,1,2,0,0,0,1,11,2,1,6
Text0419,objective,209,18,0,2,1,2,11,1,4,3,2,0,2,1,3,0,2,0,0,7,1,0,5
Text0420,objective,599,88,0,0,2,2,32,0,3,11,24,0,3,1,12,1,0,0,0,24,0,0,12
Text0421,objective,109,13,0,0,1,0,3,0,3,3,3,0,1,0,2,0,2,0,0,5,0,0,5
Text0422,objective,350,42,0,1,0,4,13,0,0,1,2,0,1,0,3,0,0,0,0,45,0,0,1
Text0423,objective,241,27,2,2,0,0,17,1,8,7,3,0,2,1,8,0,7,0,0,15,0,0,12
Text0424,objective,667,60,2,1,4,4,31,0,27,18,18,0,4,3,12,2,18,0,0,40,0,1,39
Text0425,objective,233,13,0,0,2,0,13,0,16,4,15,0,1,1,3,1,0,0,0,13,6,2,6
Text0426,objective,436,56,0,2,2,12,15,0,9,8,14,0,1,1,8,0,7,0,0,11,1,0,13
Text0427,objective,510,49,0,0,7,3,25,0,4,2,9,1,3,1,10,2,0,0,0,18,4,0,1
Text0428,objective,207,24,0,0,5,0,1,0,13,4,10,0,0,1,7,0,1,0,0,8,1,0,12
Text0429,objective,162,13,1,0,0,1,22,0,1,0,4,0,0,1,2,1,0,0,0,7,0,0,1
Text0430,objective,380,53,0,2,1,2,22,0,20,3,18,0,1,1,10,0,5,0,0,19,9,0,8
Text0431,objective,491,68,1,1,1,0,25,0,8,4,20,0,6,1,5,4,0,0,0,14,0,1,9
Text0432,objective,825,98,2,3,12,4,45,1,26,18,49,2,4,9,19,0,10,0,0,50,1,6,20
Text0433,objective,223,24,0,1,2,1,14,0,4,3,2,0,0,0,4,1,1,0,0,14,0,0,5
Text0434,objective,735,82,1,1,0,3,33,0,16,13,27,1,6,4,11,2,10,0,0,42,0,0,27
Text0435,objective,993,108,4,4,15,11,61,0,35,14,41,1,3,5,14,6,21,0,0,58,6,1,23
Text0436,objective,1634,180,3,7,15,2,60,1,63,18,73,1,6,14,44,6,8,1,0,91,10,15,25
Text0437,objective,264,36,0,2,5,10,12,0,2,3,3,0,0,1,6,0,0,0,0,15,0,0,3
Text0438,objective,344,35,0,0,2,5,30,0,2,6,10,0,2,1,5,0,5,0,0,18,2,0,6
Text0439,objective,1015,89,3,3,12,2,53,2,51,11,59,0,11,6,26,0,1,1,0,70,3,4,41
Text0440,objective,95,7,0,0,1,0,5,0,0,3,3,0,0,1,1,0,0,0,0,4,0,0,3
Text0441,objective,834,89,4,0,10,5,57,0,30,8,35,0,5,3,20,1,0,0,0,33,4,2,21
Text0443,objective,925,103,2,2,7,1,25,0,38,15,44,0,6,7,15,5,1,0,0,43,3,3,23
Text0444,objective,366,49,0,0,0,4,26,0,3,7,11,0,3,3,6,2,3,0,0,14,1,0,8
Text0445,objective,180,16,2,0,3,0,11,0,1,0,5,0,0,1,3,2,5,0,1,12,0,0,1
Text0446,objective,1009,98,2,2,17,2,81,0,29,17,22,1,3,5,12,9,7,0,0,40,5,0,32
Text0447,objective,369,46,1,0,7,0,18,0,9,5,5,2,1,0,8,0,0,0,0,19,2,0,12
Text0448,objective,241,26,0,2,0,1,10,0,13,4,10,0,2,1,6,0,2,0,0,10,4,1,10
Text0449,objective,707,71,2,2,2,4,35,0,17,11,34,0,6,1,16,6,11,1,0,39,1,2,21
Text0450,objective,805,85,3,3,9,4,56,0,35,16,30,0,2,1,9,4,19,0,0,48,3,0,32
Text0451,objective,747,102,2,0,2,1,33,0,7,6,39,0,14,4,10,3,0,0,0,28,0,0,9
Text0452,objective,155,19,1,0,0,3,9,0,7,0,7,0,0,2,1,1,6,0,0,9,0,1,5
Text0453,objective,1040,121,1,4,6,9,48,0,37,33,41,0,5,5,20,3,21,1,0,56,5,1,44
Text0454,objective,67,11,0,0,0,2,0,0,0,0,1,0,0,0,0,1,0,0,0,2,0,0,0
Text0455,objective,216,28,0,1,0,0,25,0,0,3,5,1,0,0,5,0,0,0,0,7,0,0,3
Text0456,objective,171,24,0,0,3,2,11,0,3,4,5,0,0,0,4,2,1,0,0,6,0,0,7
Text0457,objective,335,32,1,0,3,2,18,0,19,4,16,0,4,3,11,0,10,0,0,20,4,1,10
Text0458,objective,150,14,0,0,0,0,7,0,2,1,2,0,0,1,3,0,0,0,0,9,0,0,2
Text0459,objective,665,67,2,1,2,5,25,1,45,10,26,1,3,10,15,0,0,0,0,36,9,5,24
Text0460,objective,530,76,1,2,5,2,23,0,16,16,17,0,1,0,11,0,4,0,0,14,0,0,25
Text0461,objective,522,71,1,4,4,2,27,0,7,8,21,0,1,1,13,0,3,0,0,23,0,0,15
Text0462,objective,1187,159,0,2,19,8,100,0,2,9,17,2,4,5,15,0,0,0,0,68,0,0,6
Text0463,objective,386,43,0,0,2,3,20,0,6,7,17,1,5,2,8,1,2,0,0,13,0,0,7
Text0464,objective,413,51,1,1,4,3,25,1,8,2,11,0,3,1,10,0,5,1,0,24,0,0,7
Text0465,objective,828,105,2,3,1,5,61,0,11,9,27,0,0,2,16,5,9,0,0,33,1,0,12
Text0466,objective,1693,195,11,4,28,3,64,2,91,21,80,1,3,16,19,6,1,5,0,50,19,18,40
Text0467,objective,844,72,2,5,1,0,63,0,9,8,20,2,2,5,13,5,1,0,0,24,2,3,8
Text0468,objective,634,65,2,1,3,12,42,0,28,8,24,0,4,4,7,1,9,1,0,37,4,1,25
Text0469,objective,270,35,1,0,3,3,8,0,13,2,8,0,0,0,1,0,0,0,0,11,5,1,2
Text0470,objective,781,77,2,1,5,8,36,1,43,10,33,1,2,3,13,3,20,1,0,41,3,6,32
Text0471,objective,545,69,1,1,1,3,31,0,9,8,17,0,4,0,15,4,5,0,0,29,3,2,10
Text0472,objective,486,60,3,1,0,3,34,0,7,6,16,0,1,4,11,0,4,0,0,24,6,0,5
Text0473,objective,880,104,2,2,5,7,66,0,18,24,40,0,6,4,22,2,8,0,0,45,13,0,21
Text0474,objective,911,80,3,1,6,2,46,0,40,31,50,2,5,6,23,2,17,0,0,58,1,2,54
Text0475,objective,615,55,1,1,1,2,29,1,27,4,14,1,1,2,8,2,0,0,0,28,5,4,10
Text0476,objective,213,23,0,2,0,5,17,0,6,4,8,0,2,0,2,1,1,0,0,14,0,0,9
Text0477,objective,325,43,1,1,1,1,15,0,12,6,10,1,2,0,4,2,7,1,0,16,0,0,14
Text0478,objective,394,55,0,2,2,4,28,1,4,7,11,0,0,1,8,4,5,0,0,17,0,0,8
Text0479,objective,294,31,1,1,3,2,20,0,2,2,7,0,2,1,1,3,0,1,1,13,0,0,4
Text0480,objective,236,25,0,1,1,1,10,1,8,2,11,0,1,1,4,0,0,0,0,11,0,2,6
Text0481,objective,282,36,1,0,5,3,19,0,1,0,11,0,0,0,8,1,0,0,0,17,0,0,1
Text0482,objective,485,46,0,2,5,2,30,0,23,5,20,1,4,3,11,1,14,0,0,43,1,0,16
Text0483,objective,2243,234,2,4,20,10,88,1,96,54,106,2,11,12,54,15,6,0,0,69,18,7,81
Text0484,objective,465,48,0,2,0,2,31,0,3,7,8,0,2,0,8,0,0,0,0,25,0,0,8
Text0485,objective,231,32,0,0,6,7,15,0,3,6,9,1,1,3,5,0,4,0,0,12,0,0,7
Text0486,objective,191,15,0,0,2,0,14,0,4,4,2,0,0,1,1,0,4,0,0,11,4,0,3
Text0487,objective,186,19,0,0,0,1,12,0,0,2,4,0,1,0,4,0,0,0,0,8,0,0,0
Text0488,objective,527,46,1,0,3,1,40,0,23,5,21,0,1,2,11,0,12,0,0,44,13,1,11
Text0489,objective,677,78,1,2,6,5,34,0,23,10,19,1,2,4,16,8,2,0,0,25,8,2,13
Text0490,objective,190,20,0,0,0,1,16,0,6,1,5,0,0,1,3,0,4,0,0,10,0,0,4
Text0491,objective,504,55,2,2,3,4,45,0,6,9,18,0,1,2,8,3,4,0,0,24,3,0,10
Text0492,objective,641,61,2,2,5,3,32,2,35,11,29,0,0,2,10,4,26,0,0,46,6,1,25
Text0493,objective,374,49,0,0,1,0,15,0,10,8,20,0,2,1,7,2,0,0,0,13,0,0,14
Text0494,objective,429,45,2,0,5,0,40,1,10,7,21,0,6,4,9,1,8,0,0,22,3,4,4
Text0495,objective,1026,111,5,2,16,0,68,1,41,9,33,0,2,8,19,6,15,2,0,54,3,18,21
Text0496,objective,212,24,1,1,4,1,6,0,5,5,1,0,1,0,4,0,1,0,0,10,0,0,10
Text0497,objective,847,66,5,3,15,8,59,0,41,9,29,0,1,9,13,6,0,1,0,44,21,2,17
Text0498,objective,451,58,1,0,0,4,13,0,8,8,28,0,1,1,9,0,6,0,0,21,0,0,13
Text0499,objective,1606,175,3,7,7,6,111,1,41,25,50,0,22,9,42,11,15,0,0,84,4,0,43
Text0500,objective,151,17,0,0,0,2,7,0,2,1,3,0,1,0,3,0,0,0,0,6,0,0,3
Text0501,objective,736,93,0,3,0,4,59,0,2,14,25,0,3,2,22,0,0,0,0,35,0,0,16
Text0502,objective,882,89,0,1,2,11,59,1,31,6,31,1,2,9,12,4,0,0,0,41,10,4,18
Text0503,objective,107,14,1,0,0,1,6,0,0,2,1,1,0,0,1,0,0,0,0,8,0,0,2
Text0504,objective,447,42,2,3,6,1,26,2,26,11,21,0,0,2,6,2,9,0,0,25,5,1,17
Text0505,objective,644,78,0,2,2,3,49,0,18,15,12,0,0,0,19,1,12,0,0,25,0,0,27
Text0506,objective,426,50,4,0,5,3,54,0,1,0,1,0,3,3,8,1,0,0,1,13,0,0,1
Text0507,objective,1445,186,2,1,2,7,109,0,37,21,50,1,12,8,37,8,15,0,0,83,9,0,33
Text0508,objective,981,109,4,5,8,7,55,0,34,28,31,0,4,1,27,3,18,1,0,55,9,4,44
Text0509,objective,442,46,0,0,2,1,23,1,12,5,10,0,1,1,6,2,5,0,0,19,1,0,13
Text0510,objective,917,97,5,2,18,3,34,0,42,16,41,0,6,4,16,1,0,0,0,41,1,4,39
Text0511,objective,828,88,1,1,4,0,46,0,45,14,41,2,5,5,20,8,8,5,1,36,4,2,29
Text0512,objective,254,19,0,0,4,5,9,0,14,1,9,0,0,1,5,4,7,0,0,21,4,0,11
Text0513,objective,1016,103,2,0,1,6,55,1,33,25,25,0,1,6,21,0,1,0,0,58,4,3,40
Text0514,objective,958,98,4,0,6,1,31,0,27,12,40,1,9,4,11,8,0,1,0,44,1,0,26
Text0515,objective,1282,157,2,9,1,2,81,0,22,21,33,1,4,1,31,2,13,0,0,58,2,0,36
Text0516,objective,150,13,0,0,0,2,4,0,0,0,1,0,0,0,3,0,0,0,0,6,0,0,0
Text0517,objective,265,34,1,0,8,2,26,0,2,3,6,0,1,2,5,3,0,1,0,12,1,1,1
Text0518,objective,163,22,0,0,3,2,6,0,2,1,2,0,2,1,0,0,0,0,0,6,0,0,3
Text0519,objective,2048,216,9,11,12,9,106,2,64,44,95,3,19,25,41,6,2,16,1,83,0,9,86
Text0520,objective,491,55,0,3,4,2,32,0,1,8,22,0,7,2,14,0,0,0,0,18,0,0,9
Text0521,objective,573,75,1,1,8,1,28,0,25,14,20,0,1,1,9,1,12,0,0,33,0,0,34
Text0522,objective,230,29,0,0,2,0,11,0,8,9,11,0,2,0,5,1,4,0,0,11,0,0,14
Text0523,objective,776,83,1,2,2,10,53,0,21,3,30,0,10,4,17,1,12,0,0,46,4,1,9
Text0524,objective,571,43,3,5,6,0,37,1,24,21,35,0,7,8,5,1,0,2,10,60,13,2,16
Text0525,objective,103,10,0,0,0,0,3,0,1,2,1,0,0,1,1,0,3,0,0,6,0,0,3
Text0526,objective,174,23,0,0,2,1,5,1,12,6,1,0,1,1,4,0,2,0,0,13,2,0,11
Text0527,objective,326,32,1,0,0,4,29,0,3,3,10,0,3,0,7,0,2,0,0,19,1,0,4
Text0528,objective,111,12,0,0,0,3,15,0,0,2,1,0,0,0,1,0,0,0,0,5,0,0,2
Text0529,objective,1356,147,3,0,6,2,76,0,62,14,58,1,12,8,34,11,0,0,0,62,9,2,36
Text0530,objective,618,52,0,3,16,5,44,0,21,5,23,0,1,3,12,3,0,0,0,34,6,4,11
Text0531,objective,443,41,1,3,1,1,28,0,25,10,18,3,3,1,12,0,11,1,0,29,8,1,21
Text0532,objective,942,92,2,1,7,12,55,2,19,13,55,1,4,3,19,4,2,0,0,41,5,1,20
Text0533,objective,860,100,2,2,0,5,56,0,17,10,27,0,2,1,20,2,10,1,0,40,8,3,12
Text0534,objective,272,32,2,1,0,1,14,0,8,2,8,0,1,0,8,1,7,0,0,14,0,0,9
Text0535,objective,151,22,1,0,1,0,9,0,0,0,2,0,0,0,2,1,2,0,0,6,0,0,0
Text0536,objective,188,21,0,0,1,1,6,0,3,1,3,1,0,0,4,2,2,0,0,6,0,0,4
Text0537,objective,431,51,1,0,5,0,16,1,22,1,22,0,1,3,9,2,0,0,0,21,1,3,5
Text0538,objective,77,4,0,0,1,1,1,0,0,0,2,0,0,0,1,0,5,0,0,8,0,0,0
Text0539,objective,183,9,0,0,2,0,17,0,2,1,7,0,0,0,4,2,2,0,0,4,1,0,2
Text0540,objective,747,77,0,4,2,6,40,1,24,18,23,0,3,5,16,1,14,0,0,55,9,3,22
Text0541,objective,2003,198,1,3,13,1,76,0,169,25,98,1,16,18,44,8,0,1,0,118,80,24,48
Text0542,objective,173,21,0,0,1,2,6,0,5,1,9,0,1,0,4,0,3,0,0,7,0,0,4
Text0543,objective,651,69,2,1,2,1,35,0,21,7,24,1,5,4,8,2,0,0,0,36,7,4,9
Text0545,objective,136,3,0,0,0,1,1,0,0,2,0,0,0,1,1,1,0,0,0,3,0,0,2
Text0546,objective,469,49,1,0,13,4,20,0,45,2,20,0,0,1,13,4,0,0,0,27,15,0,14
Text0547,objective,400,54,1,0,1,4,22,0,15,3,12,0,1,1,2,1,10,0,0,25,6,0,5
Text0548,objective,1111,107,3,3,7,9,82,0,43,15,74,0,3,6,20,2,23,1,0,64,2,5,41
Text0549,objective,348,38,1,0,1,0,14,1,7,13,15,0,0,1,9,0,8,0,0,21,1,1,10
Text0550,objective,1991,235,11,9,14,1,115,1,66,22,115,0,6,12,39,15,13,5,1,56,8,4,62
Text0552,objective,301,42,1,1,1,4,12,0,8,9,9,0,3,1,2,0,9,0,0,19,0,0,16
Text0553,objective,220,28,1,0,3,4,16,0,5,2,10,0,1,2,4,1,0,0,0,13,0,0,6
Text0554,objective,1294,130,2,2,5,3,82,0,61,21,61,1,10,5,37,4,0,0,0,57,19,1,41
Text0556,objective,1611,162,6,1,8,8,66,0,76,16,113,0,32,9,73,4,0,0,0,107,6,2,51
Text0557,objective,255,26,0,0,1,4,11,1,5,7,10,0,1,2,7,0,0,0,1,12,2,1,8
Text0558,objective,211,24,0,0,3,2,9,0,6,1,4,0,1,0,6,0,7,0,0,10,0,0,4
Text0559,objective,1313,119,4,3,7,6,63,0,63,24,40,0,12,5,34,2,0,0,0,62,21,3,47
Text0560,objective,538,63,4,2,0,6,51,0,4,10,11,0,0,3,13,2,0,0,0,26,0,0,10
Text0561,objective,289,25,0,0,5,0,11,0,15,2,17,0,0,2,6,0,4,0,0,16,3,0,11
Text0562,objective,604,78,0,1,0,5,41,0,4,14,17,0,6,2,8,2,0,0,0,27,0,0,12
Text0563,objective,1005,110,1,1,4,7,54,0,36,14,39,0,7,2,23,2,12,0,0,55,6,0,28
Text0564,objective,844,82,0,4,14,8,63,0,31,9,43,1,2,4,16,5,0,0,0,49,11,2,17
Text0565,objective,127,13,1,0,0,1,7,0,2,3,4,0,0,0,3,1,0,0,0,5,0,0,3
Text0566,objective,243,27,0,1,4,2,6,0,7,4,18,0,3,1,8,0,0,0,0,8,0,1,8
Text0568,objective,1661,199,6,11,1,8,101,0,20,22,30,1,5,2,44,0,6,0,0,64,6,0,28
Text0569,objective,925,86,3,2,14,0,55,1,55,5,67,0,1,2,11,7,0,1,0,44,12,12,12
Text0570,objective,251,30,1,0,1,2,16,0,6,5,6,0,1,0,4,1,12,0,0,22,0,0,11
Text0571,objective,237,26,0,0,4,1,9,0,6,4,4,0,0,0,6,0,2,0,0,7,0,0,8
Text0572,objective,223,24,0,0,1,1,16,0,2,1,6,0,2,1,9,0,1,0,0,11,0,0,3
Text0573,objective,352,49,0,0,2,5,24,0,8,2,14,0,0,1,6,1,2,0,0,19,0,0,6
Text0574,objective,244,23,2,0,2,1,20,0,12,3,14,0,0,2,3,0,5,0,0,14,0,0,11
Text0576,objective,577,61,1,0,0,6,40,0,32,18,26,0,1,3,10,0,11,0,0,29,0,0,41
Text0577,objective,103,7,0,2,0,3,1,0,3,0,0,0,1,0,1,0,0,0,0,4,2,0,1
Text0579,objective,266,40,0,1,1,3,9,0,2,8,7,0,2,0,9,0,2,0,0,9,0,0,7
Text0580,objective,116,12,0,1,0,0,8,0,2,3,2,0,0,0,2,1,5,0,0,11,0,0,5
Text0581,objective,389,42,1,2,0,2,27,0,7,5,11,0,1,2,9,1,3,1,0,19,0,1,7
Text0582,objective,225,23,1,0,1,1,15,0,2,2,4,0,5,0,9,0,6,0,0,14,0,0,4
Text0583,objective,238,32,0,0,2,0,12,0,6,5,10,0,0,2,5,0,0,0,0,7,0,0,10
Text0584,objective,407,43,1,3,2,0,10,0,11,4,8,1,3,1,5,1,0,0,1,23,2,0,8
Text0585,objective,628,62,1,4,8,4,52,0,23,4,28,0,5,4,13,3,1,0,3,31,11,2,6
Text0586,objective,207,24,0,1,1,1,9,0,3,5,8,0,0,1,6,0,5,0,0,10,0,0,7
Text0587,objective,164,18,1,0,4,1,9,0,3,4,5,0,0,0,4,0,0,0,0,7,0,0,7
Text0588,objective,513,64,1,3,0,2,30,0,9,9,15,0,1,1,6,0,8,1,0,26,0,0,17
Text0590,objective,154,17,1,0,1,2,9,0,2,3,7,0,1,0,3,2,0,0,0,6,0,0,3
Text0591,objective,960,124,4,1,2,9,72,0,16,21,39,0,4,1,21,1,5,0,1,45,0,0,30
Text0592,objective,375,35,0,0,1,4,38,0,1,4,7,0,2,0,7,3,0,0,0,16,0,0,5
Text0593,objective,722,76,0,3,6,1,38,0,47,12,47,0,3,0,14,1,0,1,0,40,18,0,26
Text0594,objective,913,88,3,1,9,1,37,0,53,6,61,0,4,5,8,3,0,0,0,49,3,3,30
Text0595,objective,571,57,0,0,0,2,49,0,18,6,18,0,4,4,7,0,16,0,0,52,8,0,8
Text0596,objective,696,93,0,0,4,0,26,0,19,6,39,0,13,3,12,1,0,0,0,29,0,2,12
Text0597,objective,446,61,1,0,1,0,24,0,2,7,16,0,1,1,15,1,0,0,0,12,0,0,8
Text0598,objective,180,24,1,0,1,0,9,0,7,1,9,0,1,3,3,0,4,0,0,9,0,0,7
Text0599,objective,353,36,0,1,1,1,14,0,7,4,4,0,0,3,0,1,2,0,0,17,3,0,8
Text0600,objective,1163,127,1,2,17,5,57,1,61,16,38,1,7,13,26,1,1,1,0,85,5,9,45
Text0601,objective,503,63,1,3,3,2,36,1,8,7,11,0,2,1,11,6,4,0,0,23,1,0,12
Text0602,objective,781,91,7,2,2,5,60,0,19,13,28,0,4,4,17,3,8,2,0,43,5,0,21
Text0604,objective,195,22,1,1,2,1,19,0,5,3,12,0,0,0,6,0,4,0,1,10,2,1,5
Text0605,objective,1002,94,6,2,10,5,63,0,35,25,46,0,4,3,25,4,22,0,0,77,7,6,28
Text0606,objective,599,58,1,1,1,6,31,0,26,6,28,0,3,8,16,1,16,0,0,36,9,0,17
Text0607,objective,1086,103,1,2,2,6,86,0,25,22,29,0,7,4,26,8,13,0,0,55,14,0,25
Text0608,objective,1257,144,4,6,14,5,70,1,66,15,60,1,6,4,29,5,0,1,0,49,8,8,42
Text0609,objective,140,9,0,0,2,0,9,0,1,1,2,0,0,0,1,0,0,0,0,5,0,0,1
Text0610,objective,1072,83,1,1,4,8,41,0,58,18,46,0,5,10,9,2,3,6,1,63,13,3,31
Text0611,objective,1474,161,4,5,15,3,93,1,67,43,48,0,7,11,27,3,1,3,0,76,22,7,67
Text0613,objective,944,112,1,4,3,5,61,0,31,19,24,0,6,2,18,4,16,0,0,47,1,2,39
Text0614,objective,1238,110,1,5,9,6,94,1,38,10,36,0,9,4,24,6,0,0,0,69,5,2,29
Text0615,objective,152,18,0,0,0,0,9,0,1,3,4,0,0,0,3,0,2,0,0,5,0,0,4
Text0616,objective,372,45,2,2,2,7,30,0,17,9,12,1,1,0,3,3,0,0,0,21,2,0,22
Text0617,objective,314,35,1,1,3,4,16,0,7,5,9,0,1,4,5,2,0,1,0,15,0,0,10
Text0618,objective,395,58,1,1,7,3,18,0,12,8,6,0,4,2,7,2,13,0,0,27,0,0,20
Text0619,objective,177,17,0,0,0,0,7,0,5,2,1,0,0,0,5,0,10,0,0,20,0,0,7
Text0620,objective,734,66,1,1,3,6,48,0,38,14,28,0,4,3,8,1,21,0,0,45,3,8,33
Text0621,objective,375,48,2,0,2,1,19,0,9,13,18,0,0,0,9,1,10,0,0,20,0,0,17
Text0622,objective,1671,191,8,5,8,7,60,1,55,25,69,0,13,13,15,12,4,2,0,90,6,7,37
Text0623,objective,2042,198,5,9,23,3,111,4,77,20,115,2,12,18,30,7,0,8,3,92,18,9,41
Text0624,objective,185,25,0,0,0,2,5,1,2,4,5,0,0,0,2,0,0,0,0,7,0,0,2
Text0625,objective,310,30,0,1,4,1,14,0,6,3,3,0,2,2,3,1,7,0,0,21,0,1,7
Text0626,objective,112,17,0,0,0,0,2,0,4,0,3,0,0,0,1,0,0,0,0,4,0,0,0
Text0627,objective,731,59,1,2,18,0,58,0,29,13,37,0,2,7,16,3,12,2,0,39,0,0,27
Text0628,objective,141,13,1,1,0,0,12,0,1,1,5,0,0,0,2,1,0,0,0,7,0,0,1
Text0629,objective,304,41,0,1,0,6,17,0,8,5,11,1,0,1,10,0,1,0,0,12,1,0,12
Text0630,objective,2182,250,8,4,39,5,145,1,50,35,85,0,8,6,44,6,0,3,1,127,1,14,56
Text0631,objective,745,79,1,1,5,8,36,0,44,13,25,0,7,5,17,7,18,0,0,47,9,3,38
Text0632,objective,1961,181,12,11,8,4,158,0,6,12,55,2,6,12,37,6,1,6,0,58,2,1,5
Text0633,objective,481,45,0,1,8,4,28,0,13,5,24,0,2,1,11,1,5,0,0,26,5,0,11
Text0634,objective,101,8,0,0,0,1,5,0,2,0,2,0,0,1,0,0,2,0,0,5,0,1,1
Text0635,objective,732,66,6,3,4,7,29,0,33,7,39,0,2,8,16,2,17,0,0,50,7,1,18
Text0636,objective,298,44,0,0,5,7,22,0,5,8,5,0,1,0,11,1,4,0,0,14,1,0,10
Text0637,objective,965,103,1,1,7,2,32,0,35,11,50,0,10,2,20,10,13,3,0,40,6,2,15
Text0638,objective,258,17,2,2,5,2,7,0,15,2,10,0,4,2,4,1,0,0,0,14,9,0,4
Text0639,objective,1019,115,3,0,33,2,106,0,0,13,11,0,6,10,20,2,0,0,0,41,0,0,5
Text0641,objective,854,83,4,0,1,1,57,0,9,9,27,1,2,1,22,4,9,0,0,43,2,1,5
Text0642,objective,211,27,1,0,1,0,14,0,5,3,7,0,0,1,2,0,4,0,0,9,0,0,6
Text0643,objective,509,63,0,0,5,1,16,0,10,9,21,0,3,2,10,2,0,0,0,17,0,0,17
Text0644,objective,222,17,0,0,1,1,12,0,8,3,6,1,1,2,7,0,10,0,0,18,0,0,6
Text0645,objective,734,66,1,11,3,1,36,0,6,10,20,0,3,0,10,4,7,0,0,35,0,0,14
Text0646,objective,622,70,3,0,2,1,37,1,24,13,30,1,2,2,15,3,12,0,0,33,1,0,20
Text0647,objective,501,62,1,0,4,5,37,0,6,7,17,0,4,0,7,1,4,0,0,33,3,0,7
Text0648,objective,615,54,1,0,6,4,35,0,15,7,26,1,1,3,16,1,12,1,0,38,2,0,15
Text0649,objective,114,16,1,0,0,2,8,0,1,0,4,0,1,0,2,0,5,0,0,11,0,0,1
Text0650,objective,749,55,1,3,10,4,35,0,8,12,9,0,5,4,15,0,0,0,0,50,0,2,18
Text0651,objective,428,37,0,2,4,0,13,0,20,9,32,0,3,4,11,0,0,0,0,26,4,7,14
Text0652,objective,686,83,2,2,3,2,43,0,21,10,21,0,1,2,10,1,12,0,0,37,6,0,20
Text0653,objective,128,17,0,0,1,2,8,0,0,1,3,0,1,0,5,1,1,0,0,9,0,0,1
Text0654,objective,183,21,0,0,0,0,9,0,6,6,9,1,0,0,3,0,5,0,0,10,0,0,9
Text0655,objective,168,16,0,0,0,4,19,0,1,5,4,0,0,2,4,1,0,0,0,8,0,0,4
Text0656,objective,991,104,3,2,6,4,70,0,41,11,41,0,4,4,20,5,17,0,0,71,24,1,21
Text0657,objective,641,67,1,2,4,5,32,0,29,6,36,0,1,1,11,2,14,0,0,49,10,0,20
Text0658,objective,153,13,0,0,0,2,11,0,0,1,3,0,0,0,1,1,0,0,0,8,0,0,1
Text0659,objective,376,38,4,4,10,5,21,0,8,6,7,0,1,0,3,2,0,0,0,19,1,2,8
Text0660,objective,1215,130,1,1,7,5,74,1,58,11,49,0,4,4,19,8,1,0,3,72,28,9,21
Text0661,objective,529,66,0,0,2,1,20,0,10,5,27,0,5,4,18,1,0,1,0,20,1,0,10
Text0667,objective,1210,125,2,3,14,6,74,2,40,19,62,1,10,7,28,5,0,3,0,50,17,4,22
Text0686,objective,824,103,2,3,2,8,44,0,24,24,28,0,5,3,18,3,6,2,0,35,2,0,39
Text0692,objective,388,37,0,0,5,0,16,0,5,6,10,0,3,1,11,0,9,0,0,25,0,0,11
Text0699,objective,1448,156,1,2,9,7,125,1,27,15,66,0,7,3,36,10,25,0,1,60,2,1,29
Text0010,subjective,2245,298,14,1,36,6,185,0,55,27,68,0,7,9,52,6,0,2,0,122,11,10,47
Text0015,subjective,1051,121,1,4,8,4,77,0,13,13,32,1,2,6,11,3,0,4,0,42,5,1,12
Text0030,subjective,1169,122,1,0,19,3,42,1,72,15,69,0,7,7,8,5,0,1,0,52,3,20,38
Text0093,subjective,640,78,1,4,5,3,39,2,17,13,30,0,4,3,7,5,2,0,0,24,4,1,20
Text0098,subjective,930,98,2,4,7,0,43,0,52,18,57,0,11,14,17,3,0,0,0,41,2,13,41
Text0123,subjective,878,85,5,3,14,0,40,0,43,13,58,0,6,12,11,8,0,2,0,20,5,12,9
Text0133,subjective,770,97,1,2,12,5,22,0,38,5,45,0,4,4,12,3,2,4,2,38,1,1,28
Text0148,subjective,540,62,1,0,7,1,30,0,22,5,27,0,1,6,8,0,0,1,2,14,3,7,10
Text0161,subjective,832,73,2,0,12,0,36,1,17,31,41,0,8,11,23,0,2,0,5,32,4,10,4
Text0237,subjective,986,102,3,4,18,2,42,1,55,16,70,0,6,11,15,3,0,2,0,47,5,14,43
Text0283,subjective,1483,141,3,6,18,9,90,1,37,29,61,1,2,10,34,3,0,4,0,112,3,7,38
Text0326,subjective,4032,368,15,9,75,18,221,4,107,34,167,3,13,25,60,3,1,9,1,253,11,7,84
Text0332,subjective,939,110,0,4,7,10,76,1,33,30,36,3,0,3,16,2,1,0,0,64,2,2,46
Text0350,subjective,897,88,4,7,15,0,47,1,35,14,45,0,4,10,18,4,0,0,0,34,4,3,32
Text0351,subjective,1300,163,5,3,26,3,62,1,44,19,86,3,0,4,16,4,1,2,0,62,7,2,40
Text0355,subjective,1299,135,8,5,25,6,94,2,30,17,61,4,3,9,13,8,1,3,0,62,5,0,21
Text0357,subjective,1378,153,2,2,12,2,63,1,42,30,114,1,4,8,39,4,0,0,0,66,13,3,28
Text0364,subjective,1495,143,4,1,15,0,54,0,58,23,69,3,7,1,43,4,0,0,0,62,19,6,36
Text0383,subjective,888,97,6,5,17,5,61,5,51,4,47,0,9,5,14,4,0,0,0,39,2,13,17
Text0442,subjective,1090,112,2,4,15,0,64,1,35,21,64,1,4,10,27,10,0,3,0,35,0,3,39
Text0544,subjective,1953,190,8,13,23,0,137,0,98,50,75,0,6,17,31,3,1,4,3,93,20,3,72
Text0551,subjective,880,113,2,5,6,0,45,4,61,26,53,1,3,4,7,4,0,0,0,44,15,3,46
Text0555,subjective,185,24,0,0,1,0,6,1,9,1,8,0,0,1,2,2,0,0,0,3,0,2,4
Text0567,subjective,1083,118,0,4,16,3,69,7,75,10,59,0,2,5,18,2,0,0,0,49,12,9,50
Text0575,subjective,1439,162,7,9,17,5,112,0,52,23,69,1,3,8,27,7,0,3,7,71,6,16,40
Text0578,subjective,533,40,0,1,11,0,13,0,39,7,33,0,3,0,11,1,0,0,0,20,20,1,13
Text0589,subjective,884,88,3,1,8,7,43,1,33,15,38,0,4,5,13,4,0,1,0,42,7,3,21
Text0603,subjective,820,83,3,2,24,7,56,0,36,28,31,0,1,6,17,2,0,5,0,41,20,4,28
Text0612,subjective,662,71,1,2,8,0,49,0,18,9,21,0,5,9,10,2,1,1,2,32,1,15,7
Text0640,subjective,846,85,1,1,5,7,50,1,16,10,31,0,6,1,15,3,11,1,1,60,5,1,13
Text0662,subjective,2380,296,16,9,34,8,170,1,50,40,80,2,11,16,34,2,1,4,0,140,4,9,63
Text0663,subjective,331,36,0,1,8,2,10,2,11,7,14,0,1,3,5,2,1,0,11,9,0,12,2
Text0664,subjective,1885,195,8,9,43,9,135,3,28,21,92,0,8,16,34,8,0,3,0,91,3,2,35
Text0665,subjective,651,61,4,3,16,3,55,0,8,10,32,0,1,8,12,2,0,2,0,34,0,0,12
Text0666,subjective,452,40,5,1,4,0,30,0,22,1,31,0,4,3,14,6,0,0,0,24,4,3,9
Text0668,subjective,2171,212,8,9,35,4,121,1,35,26,73,1,9,17,33,7,0,3,0,105,7,4,31
Text0669,subjective,1136,100,1,5,21,8,52,0,43,18,53,0,2,20,33,4,0,2,0,84,4,5,40
Text0670,subjective,1715,174,7,8,42,14,93,1,45,23,81,1,10,21,25,7,0,2,0,59,0,2,42
Text0671,subjective,1335,140,2,2,19,7,76,0,80,21,90,1,5,6,33,8,3,5,0,75,23,4,41
Text0672,subjective,1066,108,4,2,14,7,66,1,34,11,51,2,2,10,32,6,0,0,1,52,7,3,26
Text0673,subjective,1675,150,9,3,27,10,115,0,50,18,83,4,11,21,34,2,0,4,0,128,5,10,33
Text0674,subjective,552,58,4,1,5,3,20,0,27,5,18,0,3,11,11,1,0,3,0,37,1,9,11
Text0675,subjective,1228,117,3,4,12,5,60,0,108,29,65,1,5,9,39,4,0,5,0,60,27,11,76
Text0676,subjective,1577,141,5,8,26,8,96,1,49,29,72,1,5,19,31,0,0,3,2,130,5,2,46
Text0677,subjective,1099,111,4,2,12,5,44,2,62,16,78,0,6,11,20,4,1,1,0,63,9,5,48
Text0678,subjective,942,119,4,2,5,12,38,0,51,16,55,0,3,11,24,1,0,6,0,46,19,3,27
Text0679,subjective,931,93,5,5,8,2,52,1,23,17,33,1,1,14,18,0,0,4,1,42,2,1,30
Text0680,subjective,253,24,0,1,4,0,17,0,3,5,6,0,0,6,11,0,0,1,0,15,1,2,3
Text0681,subjective,867,88,2,1,5,3,59,0,38,10,46,0,5,8,26,4,9,2,0,49,4,1,36
Text0682,subjective,920,93,2,3,18,6,40,1,32,15,40,1,4,6,12,7,6,0,0,40,0,3,31
Text0683,subjective,997,111,2,1,10,5,67,1,41,18,65,0,5,8,28,7,7,1,0,38,5,7,33
Text0684,subjective,985,95,1,6,18,6,43,1,67,6,65,1,5,7,14,0,0,1,0,51,7,13,44
Text0685,subjective,1043,112,0,4,18,0,43,0,66,7,80,0,4,5,16,2,0,0,0,45,16,8,37
Text0687,subjective,956,100,2,3,17,3,44,3,72,13,60,0,4,8,11,1,0,0,0,46,1,17,53
Text0688,subjective,1073,109,6,5,5,3,58,0,53,9,36,0,3,2,23,6,0,0,0,54,15,3,33
Text0689,subjective,1317,140,5,5,13,2,51,0,70,22,95,0,12,6,21,1,0,0,0,65,8,6,50
Text0690,subjective,580,47,1,1,12,4,26,0,16,6,39,0,0,8,5,4,0,3,0,34,11,3,4
Text0691,subjective,1639,156,5,7,18,11,95,0,61,24,60,1,1,27,24,3,0,8,0,107,18,9,30
Text0693,subjective,1096,126,12,12,8,2,77,0,20,10,48,1,2,4,16,10,2,2,0,47,0,1,10
Text0694,subjective,922,94,0,0,15,2,35,3,62,12,78,0,8,17,18,1,1,7,1,47,5,4,40
Text0695,subjective,1423,214,15,5,18,12,110,0,40,21,59,0,5,16,23,6,4,7,0,37,3,7,35
Text0696,subjective,839,102,0,1,20,4,56,0,21,7,33,0,10,2,15,4,0,0,0,36,0,0,17
Text0697,subjective,1019,113,4,0,7,3,53,0,48,20,58,3,0,5,17,4,0,2,0,46,5,4,38
Text0698,subjective,738,84,1,1,9,4,34,1,27,17,45,0,1,1,13,4,2,1,0,28,0,0,31
Text0700,subjective,946,98,6,5,16,4,44,0,80,13,58,0,4,15,12,2,0,1,0,44,6,14,50
Text0701,subjective,917,104,3,6,6,5,30,0,35,20,53,0,11,4,19,2,0,1,0,50,3,2,40
Text0702,subjective,1469,147,4,5,32,4,112,0,16,5,64,7,12,8,18,13,0,7,0,63,1,1,8
Text0703,subjective,457,51,3,2,4,0,24,0,7,11,23,0,3,4,11,1,0,0,1,15,1,0,16
Text0704,subjective,1095,129,5,3,11,7,58,0,67,14,51,2,3,14,23,8,2,2,0,56,9,4,46
Text0705,subjective,1150,120,1,1,8,0,60,0,46,14,49,0,5,14,31,1,1,1,0,65,2,3,33
Text0706,subjective,788,100,2,1,18,1,18,0,30,8,41,1,13,7,21,1,1,1,0,41,0,2,27
Text0707,subjective,2589,238,8,12,33,2,132,4,120,43,133,2,12,31,43,6,0,14,2,67,50,13,48
Text0708,subjective,794,82,3,1,8,8,39,1,60,10,55,0,3,7,12,2,0,0,0,36,9,5,34
Text0709,subjective,2965,290,7,11,31,9,128,5,106,73,202,1,17,31,55,11,5,12,4,113,23,19,70
Text0710,subjective,1678,164,7,13,21,4,104,1,41,25,70,2,7,11,25,7,0,4,0,87,3,4,48
Text0711,subjective,661,75,0,5,5,1,24,0,18,12,26,0,5,3,10,0,0,0,2,29,2,1,20
Text0712,subjective,3575,382,11,16,17,9,251,0,36,33,97,3,8,14,82,13,0,1,0,177,2,1,54
Text0713,subjective,1509,176,7,3,34,5,63,0,69,20,125,0,7,13,27,7,0,9,1,46,3,11,51
Text0714,subjective,1013,95,7,1,13,4,39,1,48,12,46,0,1,8,29,5,0,0,0,58,6,6,31
Text0715,subjective,863,115,5,5,15,2,35,0,42,13,53,1,4,11,24,3,0,0,0,36,6,13,25
Text0716,subjective,1329,181,9,4,17,0,59,1,31,18,65,0,6,5,30,10,6,3,0,50,0,0,36
Text0717,subjective,242,27,0,0,1,0,16,0,4,5,4,0,0,0,6,0,5,0,0,11,0,0,9
Text0718,subjective,683,80,5,2,11,9,39,0,56,15,45,0,5,7,14,4,0,1,0,47,5,4,48
Text0719,subjective,959,103,5,3,12,3,36,0,61,2,62,1,2,8,23,2,0,7,0,60,3,5,40
Text0720,subjective,1012,111,4,3,13,4,56,0,45,21,69,1,6,11,14,4,0,3,0,41,1,0,45
Text0721,subjective,880,109,6,3,16,3,72,1,18,9,38,1,1,3,21,5,1,3,0,30,1,3,20
Text0722,subjective,950,92,2,3,26,11,55,0,45,15,71,0,4,3,15,3,1,1,1,54,2,3,41
Text0723,subjective,102,12,0,0,0,1,8,0,2,0,1,0,0,1,2,0,0,0,0,3,0,0,2
Text0724,subjective,927,103,1,1,19,6,61,0,56,8,56,2,1,9,18,2,0,7,1,55,3,3,39
Text0725,subjective,1069,99,2,3,21,1,48,1,91,5,80,0,6,5,15,2,0,0,0,56,9,19,42
Text0726,subjective,825,62,3,3,21,0,35,1,71,11,55,0,6,9,8,2,0,2,0,41,4,15,41
Text0727,subjective,199,24,2,0,1,0,12,0,3,3,7,0,1,0,1,1,0,0,0,9,0,0,4
Text0728,subjective,1658,189,4,2,18,5,69,1,102,18,82,0,7,19,32,3,1,3,4,88,27,22,40
Text0729,subjective,640,78,3,0,7,2,41,0,6,9,22,1,2,0,16,5,11,0,0,26,0,0,10
Text0730,subjective,1052,99,7,3,20,2,45,0,40,25,87,0,4,15,31,2,1,4,0,50,4,9,41
Text0731,subjective,1141,107,14,1,10,1,62,3,52,11,48,0,8,11,27,5,0,1,1,46,5,10,22
Text0732,subjective,636,62,1,5,6,2,33,1,14,13,23,1,4,1,10,0,8,0,0,56,0,1,18
Text0733,subjective,903,103,3,0,3,6,45,0,15,7,32,0,10,3,25,3,0,8,1,52,1,4,9
Text0734,subjective,1155,97,3,3,16,6,57,2,39,13,66,2,2,9,18,2,0,8,0,72,10,1,32
Text0735,subjective,323,32,0,0,0,1,12,2,12,8,9,0,0,2,4,0,1,0,0,19,3,1,13
Text0736,subjective,1076,144,6,0,12,4,69,1,64,14,52,0,4,10,24,3,0,8,0,53,35,3,26
Text0737,subjective,1545,172,1,6,15,7,97,1,52,24,78,2,10,11,29,9,0,1,1,49,18,12,23
Text0738,subjective,748,90,5,3,3,2,44,0,20,9,51,0,4,7,17,1,0,4,0,39,12,0,8
Text0739,subjective,1454,154,5,3,22,6,67,1,59,30,72,0,7,7,15,4,0,0,0,47,13,4,38
Text0740,subjective,1538,165,8,7,39,4,88,2,45,26,80,0,4,14,35,9,0,6,1,58,1,3,48
Text0741,subjective,506,63,2,2,7,3,27,1,18,4,27,0,6,2,8,6,0,0,0,17,0,1,16
Text0742,subjective,1302,148,1,1,15,1,47,0,59,11,76,0,2,8,27,7,1,2,0,62,6,6,42
Text0743,subjective,1140,121,4,2,8,4,61,1,34,30,42,0,4,12,25,3,0,3,0,67,6,6,36
Text0744,subjective,840,81,6,3,11,1,34,1,42,14,47,0,1,14,20,1,0,3,0,36,4,8,29
Text0745,subjective,112,12,0,0,0,0,6,0,5,0,3,0,0,0,2,0,8,0,0,10,2,0,3
Text0746,subjective,888,80,2,2,11,0,43,2,66,20,61,0,4,11,10,1,0,0,0,52,1,23,52
Text0747,subjective,1104,117,4,4,16,7,60,3,41,19,38,1,5,6,28,4,0,2,0,44,4,1,41
Text0748,subjective,1494,168,5,6,12,6,92,1,56,33,55,6,6,12,35,11,13,7,0,65,2,4,57
Text0749,subjective,1175,132,8,3,11,3,64,0,57,27,74,4,7,9,20,4,4,5,0,59,30,0,29
Text0750,subjective,473,53,1,0,10,0,32,0,7,14,16,0,2,3,10,3,0,6,0,14,2,3,12
Text0751,subjective,374,43,0,0,6,0,15,0,6,7,13,0,1,3,7,1,0,0,0,15,0,0,12
Text0752,subjective,882,81,1,4,7,6,35,0,39,17,55,0,0,5,13,3,11,1,0,49,7,6,36
Text0753,subjective,238,27,1,1,2,1,19,0,7,5,7,0,1,2,8,1,7,0,0,17,0,0,11
Text0754,subjective,836,92,5,0,7,1,62,1,11,15,35,0,2,7,21,2,0,2,0,41,0,0,16
Text0755,subjective,1327,139,2,7,14,4,76,2,77,20,70,0,11,9,26,3,1,8,0,71,7,9,54
Text0756,subjective,897,104,4,2,9,4,53,0,55,8,56,0,1,7,18,13,2,0,3,30,26,5,13
Text0757,subjective,671,52,4,3,5,3,20,0,45,15,51,0,1,5,13,1,0,0,0,44,18,2,11
Text0758,subjective,930,105,5,6,9,1,61,0,41,16,63,0,4,6,20,5,0,3,0,40,0,2,41
Text0759,subjective,636,71,3,2,6,0,26,1,22,13,19,1,1,5,18,6,7,5,1,28,1,4,18
Text0760,subjective,272,29,0,2,2,3,13,0,11,3,13,0,7,1,3,2,1,0,0,11,4,0,9
Text0761,subjective,955,92,2,2,14,0,41,1,88,11,52,1,5,12,11,3,0,0,0,46,4,14,58
Text0762,subjective,333,28,0,1,7,2,5,0,9,4,22,0,1,3,2,0,0,1,0,13,3,2,5
Text0763,subjective,710,66,1,3,9,0,32,1,51,6,50,0,2,6,20,6,0,1,0,29,7,8,35
Text0764,subjective,1239,136,4,9,13,8,56,1,36,22,63,0,5,10,15,7,0,1,0,61,0,7,32
Text0765,subjective,2191,239,8,4,26,5,111,3,91,25,112,2,9,10,46,10,1,5,0,61,25,12,33
Text0766,subjective,214,20,0,0,1,0,7,0,5,2,7,0,1,0,6,0,0,0,0,10,3,0,3
Text0767,subjective,754,92,1,0,9,2,40,2,22,15,32,0,3,6,16,3,7,0,0,33,0,0,27
Text0768,subjective,1084,128,2,2,13,0,17,0,41,13,72,0,6,9,11,2,0,3,1,52,5,9,21
Text0769,subjective,243,34,0,0,0,1,15,0,0,2,4,0,0,0,4,0,0,0,0,9,0,0,1
Text0770,subjective,1670,181,5,5,14,6,59,1,92,21,97,0,11,23,40,11,2,2,4,87,17,14,46
Text0771,subjective,1003,121,4,4,15,2,53,0,37,5,56,0,3,6,13,6,0,2,0,50,2,4,24
Text0772,subjective,1268,144,3,1,9,4,62,1,59,13,52,0,5,4,26,8,0,1,0,50,11,8,30
Text0773,subjective,622,66,2,1,2,1,23,0,40,6,27,1,4,3,16,1,0,4,0,31,7,7,22
Text0774,subjective,1529,139,13,4,36,1,62,0,68,12,65,2,5,15,18,7,0,5,0,59,6,10,42
Text0775,subjective,697,88,1,2,6,4,50,0,18,13,20,0,9,1,18,1,0,0,0,28,0,0,22
Text0776,subjective,453,51,2,2,3,2,30,0,14,7,18,0,2,1,13,1,0,3,0,22,0,3,9
Text0777,subjective,1079,92,4,1,12,2,58,0,58,12,51,1,7,13,14,8,0,3,1,50,25,4,26
Text0778,subjective,673,65,4,1,4,4,38,0,22,7,28,0,3,4,22,3,17,0,0,43,5,2,18
Text0779,subjective,1295,124,4,4,14,1,56,2,62,20,74,0,5,9,26,2,15,3,0,91,2,4,58
Text0780,subjective,984,104,5,5,12,1,27,2,57,16,41,0,8,9,17,5,0,1,0,55,5,12,36
Text0781,subjective,1258,141,2,3,15,8,46,3,58,15,59,0,9,12,32,8,1,0,0,61,4,17,30
Text0782,subjective,1018,134,4,2,10,6,55,1,30,40,40,0,1,6,10,0,0,0,0,34,0,0,60
Text0783,subjective,264,32,0,0,1,5,10,0,5,5,9,1,0,0,4,0,5,0,0,15,0,0,9
Text0784,subjective,1481,148,2,8,18,8,67,1,60,13,84,0,4,11,33,5,0,0,2,61,16,11,19
Text0785,subjective,864,85,3,2,9,7,59,0,29,15,48,1,1,3,26,3,7,0,0,54,6,5,25
Text0786,subjective,1002,94,1,4,18,1,70,1,51,20,48,5,0,9,21,2,0,3,0,71,6,5,41
Text0787,subjective,476,57,1,1,7,1,27,0,13,4,13,0,2,3,12,1,12,4,1,23,1,2,11
Text0788,subjective,700,78,3,1,3,5,40,1,25,6,37,0,1,6,13,2,0,0,1,41,15,3,6
Text0789,subjective,1882,189,4,14,24,8,116,0,48,28,86,0,8,15,50,5,2,4,0,110,0,4,49
Text0790,subjective,870,90,4,0,4,3,29,1,58,6,44,0,6,2,30,5,0,1,0,29,12,3,38
Text0791,subjective,1175,102,1,3,7,6,56,1,67,19,75,0,8,8,30,4,0,1,0,75,9,9,48
Text0792,subjective,1032,118,1,6,11,11,71,0,44,18,63,0,1,3,20,3,0,1,0,36,1,2,42
Text0793,subjective,1357,171,6,8,11,2,64,0,63,26,61,0,6,5,35,12,11,1,0,59,4,3,60
Text0794,subjective,856,87,3,7,4,1,66,3,55,3,63,1,1,3,17,2,0,0,0,40,7,12,23
Text0795,subjective,1275,113,0,4,8,5,98,0,36,25,50,3,3,12,25,4,0,4,0,80,4,4,42
Text0796,subjective,982,117,3,1,15,4,55,0,53,13,44,2,5,9,24,7,0,6,2,51,11,9,32
Text0797,subjective,1421,169,11,7,21,3,72,0,48,24,64,0,5,8,19,5,0,2,1,69,19,2,37
Text0798,subjective,851,95,2,6,5,2,75,0,17,9,40,1,3,0,22,3,0,0,0,40,0,0,10
Text0799,subjective,954,100,4,7,20,1,48,1,54,3,53,2,4,10,5,3,0,0,0,39,4,15,30
Text0800,subjective,665,65,2,1,12,11,20,2,26,6,55,0,6,11,12,3,1,3,3,32,9,6,13
Text0801,subjective,1145,130,4,5,20,4,47,0,19,11,64,2,7,6,26,16,0,1,0,49,0,1,3
Text0802,subjective,923,96,3,2,14,2,33,1,38,26,41,1,4,6,26,2,0,1,0,51,3,2,46
Text0803,subjective,1104,118,8,3,18,2,82,2,51,20,54,0,1,10,26,2,1,2,0,74,18,11,19
Text0804,subjective,1092,106,2,0,13,2,62,1,29,19,43,1,1,12,22,5,0,11,0,59,13,5,16
Text0805,subjective,355,29,3,2,2,0,33,1,5,1,17,0,0,0,4,2,0,3,0,15,1,1,3
Text0806,subjective,396,48,1,1,8,1,19,0,10,6,18,0,4,0,7,0,0,0,0,16,0,0,11
Text0807,subjective,813,79,3,5,13,2,51,0,24,9,38,1,1,9,9,4,0,2,0,54,6,1,19
Text0808,subjective,934,101,6,1,9,1,47,0,33,11,46,1,7,6,18,3,10,0,0,48,1,1,26
Text0809,subjective,900,116,0,3,15,9,57,0,51,8,51,1,1,9,17,1,0,4,0,50,16,0,36
Text0810,subjective,568,80,2,1,2,5,40,0,6,10,10,0,6,3,13,1,5,0,0,21,3,0,7
Text0811,subjective,754,109,4,1,13,4,44,0,19,6,57,0,3,1,6,5,0,0,0,38,1,0,20
Text0812,subjective,984,107,7,3,10,6,66,0,34,8,51,0,5,11,22,6,0,2,1,43,5,1,21
Text0813,subjective,1027,102,5,4,11,2,60,2,50,11,60,1,9,5,34,4,0,2,0,61,18,8,17
Text0814,subjective,1051,93,4,2,11,7,35,2,43,15,55,0,2,24,26,2,2,9,1,76,5,7,27
Text0815,subjective,1094,116,5,2,12,0,61,1,55,17,42,3,7,7,21,7,3,1,0,55,5,3,52
Text0816,subjective,769,88,2,3,7,6,30,0,30,12,40,1,5,10,18,0,1,2,0,48,3,4,26
Text0817,subjective,482,60,3,0,1,1,28,0,6,6,12,1,2,1,9,1,9,0,0,21,0,0,9
Text0818,subjective,819,85,1,0,4,0,47,0,28,7,43,1,4,3,16,3,0,0,0,43,7,1,17
Text0819,subjective,1336,175,6,4,30,6,55,0,51,9,70,1,11,9,27,9,0,0,0,40,1,2,38
Text0820,subjective,364,32,0,0,9,1,18,0,15,3,15,1,1,3,8,1,0,2,0,15,2,3,10
Text0821,subjective,1070,117,6,6,9,2,64,1,68,18,50,1,5,9,24,4,11,4,0,60,21,6,36
Text0822,subjective,996,99,4,1,10,4,61,0,40,16,45,1,12,7,22,6,17,1,0,57,21,0,25
Text0823,subjective,702,88,0,1,10,2,29,0,32,3,25,0,7,3,18,3,3,1,0,28,12,1,8
Text0824,subjective,933,94,2,3,21,3,32,3,71,15,61,0,4,12,8,4,0,0,0,41,12,13,35
Text0825,subjective,1445,164,3,5,10,6,103,0,73,17,71,0,5,5,27,3,0,0,0,72,24,10,42
Text0826,subjective,921,93,7,3,14,1,38,1,68,22,71,0,5,19,11,1,0,0,0,42,4,10,49
Text0827,subjective,2785,327,14,12,36,0,200,0,41,39,147,2,7,15,73,8,0,11,2,118,12,18,36
Text0828,subjective,660,68,2,3,3,1,61,0,23,16,37,0,3,5,13,0,8,0,0,34,1,0,28
Text0829,subjective,924,109,2,2,17,2,36,0,32,16,48,1,5,3,16,3,3,5,0,28,2,3,23
Text0830,subjective,1166,122,2,0,15,4,55,2,95,23,59,1,4,10,29,2,0,1,0,50,22,16,46
Text0831,subjective,282,33,1,0,6,0,10,0,11,2,20,1,1,2,5,3,0,1,0,14,0,1,7
Text0832,subjective,1056,108,7,3,19,7,76,1,45,6,56,0,8,12,28,7,0,6,0,44,8,7,13
Text0833,subjective,970,78,1,2,16,6,45,0,58,11,41,0,14,16,15,2,0,3,0,32,22,11,17
Text0834,subjective,1029,113,1,5,14,4,47,2,52,19,43,2,3,8,12,3,8,0,0,51,7,1,51
Text0835,subjective,932,94,1,0,10,1,46,0,48,12,37,0,8,6,23,5,0,0,0,35,21,0,24
Text0836,subjective,934,93,8,3,14,0,31,2,82,16,54,0,5,11,13,2,0,2,0,45,3,34,44
Text0837,subjective,854,83,2,3,11,10,57,0,19,13,32,0,8,4,13,9,15,1,0,49,6,3,16
Text0838,subjective,1913,157,7,8,19,3,97,3,55,34,78,2,8,24,37,4,4,5,0,137,7,4,53
Text0839,subjective,740,101,3,3,8,0,46,0,14,15,27,2,4,1,10,3,0,0,0,23,0,0,21
Text0840,subjective,1064,118,5,1,6,3,65,0,43,23,64,0,10,13,28,4,0,7,0,45,29,0,21
Text0841,subjective,459,67,0,0,0,4,38,0,1,7,15,0,5,2,4,2,0,0,0,22,0,0,7
Text0842,subjective,1512,157,12,3,16,2,71,0,73,11,93,0,11,8,20,6,0,0,0,52,30,5,19
Text0843,subjective,142,17,0,0,0,1,3,0,2,3,3,0,1,2,0,0,1,0,3,6,0,1,4
Text0844,subjective,1153,132,3,5,7,6,66,0,26,24,67,1,9,3,20,8,2,3,0,47,0,1,44
Text0845,subjective,573,65,1,4,12,2,32,0,10,10,24,1,1,2,8,1,0,0,0,25,1,0,14
Text0846,subjective,1051,109,2,1,14,3,90,2,45,10,59,0,2,6,16,0,0,1,0,42,8,11,23
Text0847,subjective,1555,164,7,0,36,3,62,0,53,25,60,0,6,11,19,6,0,2,0,84,6,6,56
Text0848,subjective,650,79,0,0,1,3,41,0,22,20,23,0,7,6,9,0,5,0,0,31,1,0,38
Text0849,subjective,1316,142,3,2,16,7,72,0,82,11,73,3,9,13,27,0,0,7,0,82,23,2,39
Text0850,subjective,1684,165,7,0,13,10,90,1,53,48,73,1,12,17,32,8,1,1,0,93,25,5,24
Text0851,subjective,1419,168,2,5,16,5,68,4,74,17,85,3,8,11,18,9,0,0,0,62,10,11,41
Text0852,subjective,886,105,2,4,5,3,30,0,40,6,44,0,4,4,17,10,0,1,0,44,0,4,33
Text0853,subjective,1033,94,0,1,18,0,81,0,50,27,29,2,6,16,13,2,0,1,1,64,18,3,32
Text0854,subjective,1093,116,3,3,5,4,50,0,62,11,76,0,1,7,23,5,12,4,0,65,7,7,46
Text0855,subjective,942,86,4,0,15,2,34,1,78,14,86,0,3,11,22,2,0,3,0,46,5,11,55
Text0856,subjective,1489,148,5,11,11,11,56,2,63,38,61,0,8,15,17,9,1,3,3,40,20,9,47
Text0857,subjective,1658,206,4,4,19,7,117,0,44,31,45,2,5,16,37,2,0,3,0,91,5,2,59
Text0858,subjective,1566,178,4,6,8,7,143,1,20,14,46,2,3,3,37,6,1,1,0,76,0,0,28
Text0859,subjective,1146,113,4,6,25,4,52,0,88,17,67,0,5,6,19,3,0,0,0,57,13,12,58
Text0860,subjective,813,83,2,3,25,0,29,0,74,7,44,0,7,4,9,1,0,1,0,37,4,8,53
Text0861,subjective,1162,129,7,1,14,2,76,1,38,12,59,0,4,6,11,11,0,5,0,50,3,7,29
Text0862,subjective,186,22,0,0,2,0,12,0,3,1,7,0,2,0,2,0,0,0,0,10,0,0,2
Text0863,subjective,595,62,4,0,9,1,25,1,28,6,35,0,1,10,9,1,1,1,4,33,0,2,23
Text0864,subjective,952,126,3,0,9,0,51,0,20,19,55,1,3,6,22,7,0,0,6,21,8,3,15
Text0865,subjective,819,70,3,3,8,0,25,0,35,9,43,0,3,8,7,1,0,3,0,48,15,6,11
Text0866,subjective,1043,138,7,1,9,0,62,2,34,37,53,0,6,6,25,11,6,0,2,41,25,3,14
Text0867,subjective,799,75,4,2,2,5,82,0,33,6,24,1,4,2,13,4,6,0,0,53,1,6,20
Text0868,subjective,1875,217,5,2,16,8,105,2,32,26,97,1,9,15,34,5,3,6,0,66,7,2,33
Text0869,subjective,937,86,2,2,18,4,62,2,28,7,46,0,2,14,20,3,0,7,0,51,3,2,24
Text0870,subjective,748,89,1,1,6,1,46,0,41,4,44,0,4,9,12,5,0,0,0,29,5,8,21
Text0871,subjective,812,86,2,5,9,8,51,0,40,11,53,0,4,3,12,3,0,0,0,36,1,17,19
Text0872,subjective,837,81,1,0,7,12,33,1,35,9,70,1,4,5,21,3,5,8,0,45,1,1,35
Text0873,subjective,1070,109,5,2,15,2,67,1,11,17,53,1,4,4,16,6,0,5,0,41,1,3,17
Text0874,subjective,669,81,5,1,8,3,24,0,32,11,41,0,2,8,20,2,14,0,0,41,10,5,13
Text0875,subjective,1025,120,26,3,29,0,76,3,26,4,41,0,9,11,17,5,0,2,0,29,1,0,21
Text0876,subjective,2238,204,16,4,28,5,89,1,102,46,157,1,12,25,52,14,4,20,6,79,9,44,57
Text0877,subjective,852,90,0,9,8,0,32,2,60,11,41,1,8,10,13,2,0,1,0,38,5,15,41
Text0878,subjective,2442,263,10,9,22,7,120,2,91,52,125,7,8,13,28,7,13,5,0,119,1,9,102
Text0879,subjective,489,54,1,0,1,4,26,0,8,6,11,1,3,1,8,3,7,0,0,24,0,0,8
Text0880,subjective,551,61,2,0,10,3,27,2,17,11,33,1,0,1,7,3,0,0,0,23,0,1,13
Text0881,subjective,312,33,5,1,5,0,24,0,11,5,13,0,0,1,5,0,1,0,0,14,11,0,3
Text0882,subjective,1821,211,9,5,34,10,134,0,28,37,76,1,3,10,22,5,4,6,0,69,2,3,51
Text0883,subjective,662,73,6,1,5,2,45,0,28,8,34,0,5,2,20,6,0,1,0,37,6,1,16
Text0884,subjective,612,76,1,1,7,1,35,3,30,5,36,1,1,3,15,3,0,1,0,28,5,6,10
Text0885,subjective,635,67,1,0,3,7,63,0,14,10,19,0,3,2,7,2,7,0,0,37,0,0,20
Text0886,subjective,874,75,3,1,10,0,59,1,62,17,51,1,2,13,20,3,0,6,0,51,18,11,39
Text0887,subjective,914,100,6,8,5,1,49,0,40,14,43,0,7,3,16,8,3,0,0,55,0,2,40
Text0888,subjective,660,71,1,7,4,1,44,0,47,24,30,2,1,5,10,1,3,0,4,41,12,4,44
Text0889,subjective,1010,103,0,3,7,5,42,1,56,13,57,0,4,9,29,3,1,2,0,49,12,3,37
Text0890,subjective,1220,129,3,10,26,6,73,0,60,25,82,1,4,16,22,5,0,7,0,56,15,1,46
Text0891,subjective,1203,138,2,3,15,8,81,0,49,11,79,0,6,9,30,7,0,0,0,58,1,9,30
Text0892,subjective,1521,186,1,4,16,2,62,0,77,30,95,0,6,7,18,5,22,2,0,98,2,5,58
Text0893,subjective,1090,112,4,6,17,4,66,1,50,23,36,1,4,7,14,5,6,0,1,60,6,17,34
Text0894,subjective,496,49,3,0,9,3,22,0,21,11,23,0,1,4,7,1,10,0,0,31,2,2,18
Text0895,subjective,2217,182,2,3,22,19,130,1,84,29,102,1,7,24,47,3,0,11,0,178,13,10,56
Text0896,subjective,791,77,1,5,11,0,34,0,47,13,51,0,3,8,14,7,0,0,0,38,3,10,34
Text0897,subjective,1047,129,0,2,13,5,65,1,32,21,36,0,1,7,23,6,8,7,0,50,11,5,24
Text0898,subjective,636,70,3,2,8,3,48,0,26,8,28,2,6,5,11,2,10,0,0,38,5,1,17
Text0899,subjective,471,45,3,2,5,4,22,0,22,12,26,1,0,6,14,3,7,1,0,25,3,4,22
Text0900,subjective,1116,124,6,2,7,7,55,0,49,17,74,3,6,7,24,9,12,1,0,42,12,3,24
Text0901,subjective,918,97,4,1,11,2,28,0,55,9,52,3,7,4,14,5,1,3,0,40,4,3,40
Text0902,subjective,704,81,3,0,3,1,42,0,20,17,39,0,5,3,18,5,10,2,0,39,3,4,14
Text0903,subjective,1141,136,5,4,18,15,44,0,43,17,34,1,11,5,31,4,0,1,1,18,3,2,40
Text0904,subjective,810,85,2,0,6,2,24,1,55,12,48,0,0,7,25,3,0,1,0,32,11,5,28
Text0905,subjective,505,53,1,1,7,5,23,0,15,5,13,1,2,3,12,2,0,0,0,26,1,2,8
Text0906,subjective,1522,158,3,4,26,10,67,1,77,20,87,2,7,22,24,6,0,7,1,61,2,4,53
Text0907,subjective,1055,110,1,3,17,2,44,0,16,12,20,0,7,5,24,0,0,0,0,31,0,1,20
Text0908,subjective,717,83,4,5,6,0,34,0,18,6,32,0,3,5,12,4,0,3,0,36,0,1,15
Text0909,subjective,814,86,3,3,14,1,54,0,45,6,57,0,6,9,14,3,0,1,0,32,10,18,12
Text0910,subjective,781,76,3,2,7,1,55,2,21,3,47,0,3,2,14,6,0,0,0,34,1,5,12
Text0911,subjective,359,44,1,1,7,0,35,0,13,8,7,0,4,1,5,0,0,1,0,20,3,0,16
Text0912,subjective,903,97,6,2,13,1,37,2,38,10,66,0,4,2,27,9,2,1,0,46,9,1,20
Text0913,subjective,552,71,6,3,17,0,38,0,13,10,22,0,5,4,6,2,3,4,1,23,0,0,12
Text0914,subjective,1418,130,4,4,21,2,63,1,105,19,65,0,7,9,24,4,0,0,0,69,19,7,60
Text0915,subjective,1396,140,2,3,15,4,77,1,40,18,59,0,6,10,29,5,0,6,0,84,9,3,31
Text0916,subjective,908,95,5,6,11,1,46,0,34,15,65,0,4,6,29,1,0,4,2,46,10,14,15
Text0917,subjective,666,69,5,2,17,5,42,1,32,4,34,0,2,3,14,2,6,1,0,27,1,0,21
Text0918,subjective,4283,473,11,8,31,1,305,3,117,62,209,1,18,22,65,21,21,4,0,182,2,28,61
Text0919,subjective,686,75,2,2,9,8,51,0,18,7,20,1,4,1,11,2,6,1,0,35,0,0,15
Text0920,subjective,883,104,3,3,7,1,55,0,23,10,46,0,6,3,15,5,0,0,0,48,0,1,11
Text0921,subjective,837,84,2,2,3,7,31,0,45,21,41,2,3,1,13,0,22,1,0,76,1,0,55
Text0922,subjective,885,110,6,3,9,4,58,0,35,12,46,1,5,9,16,5,10,1,0,42,3,6,26
Text0923,subjective,2176,232,7,5,38,12,142,0,12,14,57,6,10,11,50,7,0,5,0,109,0,0,19
Text0924,subjective,1077,99,4,5,19,5,45,2,72,9,78,1,4,1,18,2,0,2,1,73,1,2,39
Text0925,subjective,938,139,0,3,13,0,51,0,16,8,47,4,1,3,15,2,0,3,2,37,0,0,12
Text0926,subjective,1038,95,7,1,12,4,99,1,30,11,36,2,5,14,19,2,0,8,1,59,6,7,19
Text0927,subjective,466,55,0,0,3,1,31,0,6,15,18,1,1,0,7,2,17,0,0,27,1,1,18
Text0928,subjective,624,43,0,0,2,1,33,0,3,4,11,0,2,0,3,0,0,0,0,18,0,0,7
Text0929,subjective,1459,143,9,8,13,1,86,0,55,18,62,2,10,11,26,8,0,3,0,67,10,2,47
Text0930,subjective,909,116,1,5,5,10,54,1,31,16,39,1,4,1,13,2,0,1,0,52,8,3,23
Text0931,subjective,1106,118,4,2,13,2,46,2,31,19,52,0,6,7,39,5,0,2,0,73,8,5,25
Text0932,subjective,731,73,3,3,25,0,32,1,55,10,47,0,3,3,14,4,0,0,0,32,8,8,28
Text0933,subjective,1088,126,2,3,6,0,31,0,51,31,44,0,8,14,43,2,0,2,1,60,8,0,33
Text0934,subjective,865,87,2,2,11,3,46,0,44,8,62,0,2,3,10,4,1,0,0,40,1,2,34
Text0935,subjective,459,59,0,0,2,2,28,2,16,5,11,0,2,2,9,5,8,0,0,16,2,0,17
Text0936,subjective,194,18,0,0,3,1,15,0,8,6,9,0,1,1,2,0,11,0,0,25,0,0,13
Text0937,subjective,900,98,3,2,4,2,38,1,44,22,55,3,4,4,22,6,6,0,0,53,2,2,50
Text0938,subjective,834,89,1,2,9,5,42,0,39,23,36,0,3,10,7,3,0,1,0,54,14,6,18
Text0939,subjective,109,9,0,1,2,0,11,0,3,1,3,0,0,0,1,0,2,0,0,7,0,0,3
Text0940,subjective,767,87,2,2,8,6,71,2,22,13,24,0,2,0,17,4,0,1,0,43,2,1,21
Text0941,subjective,930,90,4,5,10,1,39,2,72,8,73,1,7,12,10,1,0,0,0,41,6,13,41
Text0942,subjective,1099,125,4,7,12,6,75,0,30,15,58,2,9,5,18,10,1,9,1,44,1,2,27
Text0943,subjective,752,79,8,2,10,3,31,1,36,5,38,2,8,10,13,4,1,0,4,40,8,6,14
Text0944,subjective,746,65,0,4,8,1,69,1,17,6,48,1,2,9,14,0,1,2,0,37,1,2,10
Text0945,subjective,930,97,2,0,13,8,52,1,44,19,69,0,2,6,21,3,7,2,0,58,7,7,29
Text0946,subjective,1040,128,5,4,13,4,83,1,20,8,33,0,1,2,31,7,17,1,0,46,2,0,24
Text0947,subjective,655,57,1,1,4,10,37,0,31,14,24,0,9,5,12,0,10,0,0,38,9,2,28
Text0948,subjective,580,69,3,0,7,2,37,0,6,8,22,1,1,0,16,4,11,0,0,25,0,0,9
Text0949,subjective,231,25,0,1,4,3,13,0,4,3,2,0,2,0,5,0,8,0,0,17,0,0,6
Text0950,subjective,129,13,0,0,1,3,11,0,1,1,4,0,2,0,7,0,1,0,0,7,0,0,2
Text0951,subjective,833,96,4,0,9,7,42,0,41,15,39,2,1,2,10,0,9,1,0,48,7,5,30
Text0952,subjective,654,63,5,0,7,1,22,0,38,9,29,0,2,6,12,2,0,0,0,31,12,2,25
Text0953,subjective,478,65,1,2,1,2,29,0,7,6,22,0,5,0,11,0,0,0,1,18,0,0,9
Text0954,subjective,921,90,5,4,13,3,59,0,17,8,29,1,3,3,10,6,0,2,0,39,2,2,13
Text0955,subjective,1164,126,5,3,18,2,74,0,18,17,74,1,6,5,16,2,2,0,0,43,0,0,22
Text0956,subjective,1300,132,1,8,11,11,95,0,50,8,77,0,9,7,10,7,21,8,1,75,11,14,24
Text0957,subjective,2965,290,7,11,31,9,128,5,106,73,202,1,17,31,55,11,5,12,4,113,23,19,70
Text0958,subjective,775,84,4,3,14,1,30,0,18,17,33,1,5,7,7,4,1,3,0,32,0,3,26
Text0959,subjective,867,76,6,2,9,1,33,0,66,14,67,0,4,13,8,4,0,0,0,38,7,11,41
Text0960,subjective,434,47,1,2,4,1,15,0,33,9,18,0,6,5,13,0,0,0,0,28,5,3,19
Text0961,subjective,260,20,1,0,6,0,15,0,12,2,20,0,2,2,5,0,0,1,0,12,0,1,6
Text0962,subjective,936,91,2,4,18,0,44,2,40,11,52,1,3,8,27,4,6,3,0,45,4,8,13
Text0963,subjective,76,10,0,1,0,0,3,0,2,5,3,0,0,0,1,0,3,0,0,6,0,0,6
Text0964,subjective,876,72,2,2,9,3,43,1,63,13,60,1,3,9,10,4,0,0,0,42,5,9,54
Text0965,subjective,1019,127,2,1,5,9,69,0,45,10,68,2,4,6,20,5,0,2,0,51,2,0,30
Text0966,subjective,1200,142,1,0,11,6,53,0,52,25,89,1,5,10,31,3,17,0,0,80,3,5,50
Text0967,subjective,1535,162,3,4,23,7,65,1,71,13,71,1,7,10,23,11,0,0,0,72,19,7,40
Text0968,subjective,1861,200,4,5,27,2,110,0,74,25,69,2,6,15,33,5,0,9,0,90,17,9,51
Text0969,subjective,890,87,3,0,6,5,44,0,60,11,61,0,6,7,16,4,0,4,0,57,11,2,45
Text0970,subjective,1003,111,1,1,11,2,52,0,26,19,51,1,5,9,24,0,17,1,0,37,8,9,21
Text0971,subjective,191,26,1,0,2,0,13,0,3,1,7,0,2,0,4,0,0,0,0,6,0,0,4
Text0972,subjective,984,86,2,1,11,1,54,0,59,9,80,1,6,5,29,5,12,10,0,63,4,7,34
Text0973,subjective,1475,146,7,3,13,7,55,0,73,21,73,0,9,6,27,3,4,10,0,72,9,15,46
Text0974,subjective,1111,127,7,6,10,5,57,0,44,18,50,0,5,15,35,5,0,4,2,60,4,8,35
Text0975,subjective,419,41,0,0,5,4,23,0,11,9,22,1,1,1,4,2,4,1,0,21,0,0,16
Text0976,subjective,1174,98,4,1,23,6,79,1,34,13,69,3,4,10,9,2,0,6,0,51,13,0,15
Text0977,subjective,279,34,1,1,1,4,14,0,4,6,7,0,0,1,6,0,10,4,0,20,0,0,8
Text0978,subjective,1366,131,0,5,9,4,91,1,53,28,61,1,4,12,28,5,0,3,0,86,6,2,46
Text0979,subjective,856,95,6,0,7,0,46,0,29,21,29,0,6,1,12,4,7,0,0,48,8,0,34
Text0980,subjective,883,107,0,5,9,5,54,1,26,21,47,0,7,13,29,4,2,1,0,39,13,7,5
Text0981,subjective,954,101,0,2,8,2,42,0,34,18,58,0,6,8,20,4,0,5,4,18,4,5,28
Text0982,subjective,741,101,3,3,8,0,46,0,14,15,27,2,4,1,10,3,0,0,0,23,0,0,21
Text0983,subjective,999,95,3,3,4,1,42,0,41,20,74,0,2,9,28,4,1,4,0,49,12,12,19
Text0984,subjective,803,85,3,1,4,1,41,0,59,10,38,0,1,11,11,2,0,1,0,37,4,9,47
Text0985,subjective,2238,204,16,4,28,5,89,1,102,46,157,1,12,25,52,14,4,20,6,79,9,44,57
Text0986,subjective,1222,153,7,2,18,2,68,2,31,21,76,0,6,4,24,3,4,3,0,52,5,1,32
Text0987,subjective,2809,339,14,7,37,0,209,2,59,25,184,0,15,22,55,27,6,3,0,74,9,4,57
Text0988,subjective,915,107,1,1,18,0,34,1,65,16,39,1,2,12,7,3,0,1,0,40,6,25,33
Text0989,subjective,624,56,1,0,8,0,27,0,37,10,49,0,2,5,18,5,0,4,1,22,18,1,21
Text0990,subjective,602,71,1,4,12,1,35,1,18,7,28,1,1,5,11,4,2,3,0,28,2,3,9
Text0991,subjective,955,100,18,4,17,2,53,1,45,7,48,1,1,5,8,6,5,0,0,52,0,5,36
Text0992,subjective,929,105,2,7,9,4,59,1,25,20,31,2,6,2,10,5,0,2,0,58,8,1,31
Text0993,subjective,625,82,0,1,2,4,32,1,15,10,29,0,2,2,10,2,0,0,0,27,0,0,24
Text0994,subjective,326,32,1,1,4,2,7,0,10,3,15,0,4,8,5,2,0,3,0,17,0,0,9
Text0995,subjective,1133,135,2,9,17,17,45,1,51,17,49,2,8,5,17,4,1,3,0,57,6,3,37
Text0996,subjective,926,96,1,4,10,0,53,1,61,18,59,3,7,12,14,3,0,0,0,36,1,16,46
Text0997,subjective,876,89,2,1,13,1,54,6,49,12,52,0,6,9,13,3,0,2,0,37,4,8,43
Text0998,subjective,1469,157,5,6,18,2,80,0,80,28,86,1,4,19,25,6,0,9,0,74,19,9,49
Text0999,subjective,343,28,0,0,3,0,12,0,12,4,13,1,1,3,7,0,11,0,1,27,2,0,8
Text1000,subjective,823,91,0,4,14,9,48,1,32,6,49,0,3,7,6,5,0,0,0,34,2,9,18
